[{"entid":"38356","pevid":"647","hip":"35.0","regno":"10220040","pbid":"0","bbcid":"3978","bno":"8122","bname":"Mr. Personality","owner":"Southern Cross Bucking Bulls","handler":"Greg Stevens","del":"R","birthyear":"2018","tier":"222","bdraw":"9999","entcode":"0","feesum":"0.00","paid":"1","method":"0","entrytime":"2022-05-20 22:44:09"},{"entid":"38357","pevid":"647","hip":"0.0","regno":"10227151","pbid":"0","bbcid":"3766","bno":"118","bname":"Bam Bam","owner":"Southern Cross Bucking Bulls","handler":"Greg Stevens","del":"L","birthyear":"2018","tier":"222","bdraw":"0","entcode":"0","feesum":"0.00","paid":"0","method":"GSOFS","entrytime":"2022-05-20 22:44:09"},{"entid":"38358","pevid":"647","hip":"0.0","regno":"10219644","pbid":"0","bbcid":"3964","bno":"8038","bname":"Monster Mash","owner":"Southern Cross Bucking Bulls","handler":"Greg Stevens","del":"R","birthyear":"2018","tier":"222","bdraw":"0","entcode":"0","feesum":"0.00","paid":"0","method":"GSOFS","entrytime":"2022-05-20 22:44:09"},{"entid":"38359","pevid":"647","hip":"0.0","regno":"10228342","pbid":"0","bbcid":"3989","bno":"1805","bname":"Copter","owner":"Southern Cross Bucking Bulls","handler":"Greg Stevens","del":"L","birthyear":"2018","tier":"222","bdraw":"0","entcode":"0","feesum":"0.00","paid":"0","method":"GSOFS","entrytime":"2022-05-20 22:44:09"},{"entid":"38375","pevid":"647","hip":"0.0","regno":"10226138","pbid":"0","bbcid":"6280","bno":"805","bname":"The Peoples Champ","owner":"Cord McCoy \/ James \/ Dittman","handler":"Cord McCoy","del":"R","birthyear":"2018","tier":"222","bdraw":"0","entcode":"0","feesum":"0.00","paid":"0","method":"8703","entrytime":"2022-05-20 22:44:09"},{"entid":"38376","pevid":"647","hip":"27.0","regno":"10226866","pbid":"0","bbcid":"8344","bno":"8194","bname":"Blue Duck","owner":"Cord McCoy\/Grin\/Jacobson\/Davis Rodeo Ranch","handler":"Cord McCoy","del":"L","birthyear":"2018","tier":"222","bdraw":"9999","entcode":"0","feesum":"0.00","paid":"1","method":"0","entrytime":"2022-05-20 22:44:09"},{"entid":"38377","pevid":"647","hip":"32.0","regno":"10219540","pbid":"0","bbcid":"4055","bno":"CMc814","bname":"Tulsa Time","owner":"Cord & Sara McCoy","handler":"Cord McCoy","del":"R","birthyear":"2018","tier":"222","bdraw":"9999","entcode":"0","feesum":"0.00","paid":"1","method":"0","entrytime":"2022-05-20 22:44:09"},{"entid":"38378","pevid":"647","hip":"0.0","regno":"10219548","pbid":"0","bbcid":"4057","bno":"CMc822","bname":"Justice Seeker","owner":"Cord McCoy \/ Kelly & Cami Heath","handler":"Cord McCoy","del":"R","birthyear":"2018","tier":"222","bdraw":"0","entcode":"0","feesum":"0.00","paid":"0","method":"8703","entrytime":"2022-04-27 08:47:43"},{"entid":"38379","pevid":"647","hip":"0.0","regno":"10224755","pbid":"0","bbcid":"7352","bno":"R20","bname":"Night Moves","owner":"Cord McCoy \/ David Wolfe","handler":"Cord McCoy","del":"R","birthyear":"2018","tier":"222","bdraw":"0","entcode":"0","feesum":"0.00","paid":"0","method":"8703","entrytime":"2022-05-20 22:44:09"},{"entid":"38380","pevid":"647","hip":"14.0","regno":"10251590","pbid":"0","bbcid":"7810","bno":"17R","bname":"Renegade","owner":"Cord McCoy\/Rodosky\/Lovell\/Punke","handler":"Cord McCoy","del":"L","birthyear":"2018","tier":"222","bdraw":"9999","entcode":"0","feesum":"0.00","paid":"1","method":"0","entrytime":"2022-05-20 22:44:09"},{"entid":"38381","pevid":"647","hip":"25.0","regno":"10219767","pbid":"0","bbcid":"4866","bno":"25F","bname":"Wilson","owner":"Cord McCoy \/ CCL Bucking Bulls","handler":"Cord McCoy","del":"R","birthyear":"2018","tier":"222","bdraw":"9999","entcode":"0","feesum":"0.00","paid":"1","method":"0","entrytime":"2022-05-20 22:44:09"},{"entid":"38382","pevid":"647","hip":"26.0","regno":"10221154","pbid":"0","bbcid":"4904","bno":"40F","bname":"Hank","owner":"Cord McCoy \/ Wold \/ Stevens","handler":"Cord McCoy","del":"L","birthyear":"2018","tier":"222","bdraw":"9999","entcode":"0","feesum":"0.00","paid":"1","method":"0","entrytime":"2022-05-20 22:44:09"},{"entid":"38383","pevid":"647","hip":"0.0","regno":"10217802","pbid":"0","bbcid":"4073","bno":"32F","bname":"Black Sox","owner":"Cord McCoy \/ Grin \/ Jacobson ","handler":"Cord McCoy","del":"L","birthyear":"2018","tier":"222","bdraw":"0","entcode":"0","feesum":"0.00","paid":"0","method":"8703","entrytime":"2022-05-20 22:44:09"},{"entid":"38426","pevid":"647","hip":"28.0","regno":"10217839","pbid":"0","bbcid":"4501","bno":"6F","bname":"Tchoupitoulas","owner":"Heavy Hitters Group \/ Twisted T Livestock","handler":"Madison Taylor","del":"L","birthyear":"2018","tier":"222","bdraw":"9999","entcode":"0","feesum":"0.00","paid":"1","method":"0","entrytime":"2022-05-20 22:44:09"},{"entid":"38427","pevid":"647","hip":"0.0","regno":"10226312","pbid":"0","bbcid":"8350","bno":"838","bname":"Slappy ","owner":"Matejka\/Carter\/Larkin Cattle Co","handler":"Roy Carter","del":"R","birthyear":"2018","tier":"222","bdraw":"0","entcode":"0","feesum":"0.00","paid":"0","method":"swesleylarkin","entrytime":"2022-04-27 08:47:43"},{"entid":"38429","pevid":"647","hip":"13.0","regno":"10218082","pbid":"0","bbcid":"4540","bno":"833r","bname":"Knockin Boots","owner":"Gene Baker \/ Hillcrest Bucking Bulls","handler":"Gene Baker","del":"R","birthyear":"2018","tier":"222","bdraw":"9999","entcode":"0","feesum":"0.00","paid":"1","method":"0","entrytime":"2022-05-20 22:44:09"},{"entid":"38445","pevid":"647","hip":"7.0","regno":"10222050","pbid":"0","bbcid":"5095","bno":"808","bname":"Miller Time","owner":"A&E Bucking Bulls \/ BS Cattle Co","handler":"Brandon Stewart","del":"R","birthyear":"2018","tier":"222","bdraw":"9999","entcode":"0","feesum":"0.00","paid":"1","method":"0","entrytime":"2022-05-20 22:44:09"},{"entid":"38453","pevid":"647","hip":"19.0","regno":"10249405","pbid":"0","bbcid":"8224","bno":"40","bname":"God Bless America","owner":"Hoefer \/ Berryman \/ Ogden \/ Hart","handler":"Nathan Ogden","del":"L","birthyear":"2018","tier":"222","bdraw":"9999","entcode":"0","feesum":"0.00","paid":"1","method":"0","entrytime":"2022-05-20 22:44:09"},{"entid":"38454","pevid":"647","hip":"20.0","regno":"10220277","pbid":"0","bbcid":"6778","bno":"C6","bname":"Kong","owner":"Coleman \/ Ogden Ranch \/ Hart Cattle","handler":"JW Hart","del":"L","birthyear":"2018","tier":"222","bdraw":"9999","entcode":"0","feesum":"0.00","paid":"1","method":"0","entrytime":"2022-05-20 22:44:09"},{"entid":"38464","pevid":"647","hip":"15.0","regno":"10217821","pbid":"0","bbcid":"4169","bno":"70F","bname":"Brusta","owner":"Joe & Nina Webb \/ Julian Cattle & Staci Addison \/ D&H Cattle","handler":"HD Page","del":"L","birthyear":"2018","tier":"222","bdraw":"9999","entcode":"0","feesum":"0.00","paid":"1","method":"0","entrytime":"2022-05-20 22:44:09"},{"entid":"38465","pevid":"647","hip":"0.0","regno":"10225074","pbid":"0","bbcid":"5090","bno":"1F","bname":"Gold Chain","owner":"Young Cattle \/ D&H Cattle","handler":"Dakota Young","del":"L","birthyear":"2018","tier":"222","bdraw":"0","entcode":"0","feesum":"0.00","paid":"0","method":"thcattle10","entrytime":"2022-05-10 11:15:13"},{"entid":"38466","pevid":"647","hip":"0.0","regno":"10224573","pbid":"0","bbcid":"5236","bno":"111","bname":"Tony ","owner":"Holmes \/ Jackson \/ Walker","handler":"Rickey Walker","del":"R","birthyear":"2018","tier":"222","bdraw":"0","entcode":"0","feesum":"0.00","paid":"0","method":"walkerbull","entrytime":"2022-05-20 22:44:09"},{"entid":"38467","pevid":"647","hip":"0.0","regno":"10232349","pbid":"0","bbcid":"6742","bno":"29","bname":"Modified Ride","owner":"Flying W Bucking Bulls","handler":"Rickey Walker","del":"L","birthyear":"2019","tier":"222","bdraw":"0","entcode":"0","feesum":"0.00","paid":"0","method":"walkerbull","entrytime":"2022-05-20 22:44:09"},{"entid":"38480","pevid":"647","hip":"21.0","regno":"10220258","pbid":"0","bbcid":"4044","bno":"0218","bname":"Cowboy Playboy","owner":"Partin Place","handler":"Virgil Partin","del":"L","birthyear":"2018","tier":"222","bdraw":"9999","entcode":"0","feesum":"0.00","paid":"1","method":"0","entrytime":"2022-05-20 22:44:09"},{"entid":"38608","pevid":"647","hip":"0.0","regno":"10238974","pbid":"0","bbcid":"8777","bno":"823","bname":"Quick Silver 823","owner":"Hawkins Bucking Bulls\/BBar Ranch","handler":"Steve Hawkins","del":"R","birthyear":"2018","tier":"222","bdraw":"0","entcode":"0","feesum":"0.00","paid":"0","method":"Hawkins","entrytime":"2022-05-20 22:44:09"},{"entid":"38613","pevid":"647","hip":"0.0","regno":"10229481","pbid":"0","bbcid":"4100","bno":"635F","bname":"Storm Trooper","owner":"Hawkins \/  6-C ","handler":"Steve Hawkins","del":"L","birthyear":"2018","tier":"222","bdraw":"0","entcode":"0","feesum":"0.00","paid":"0","method":"Hawkins","entrytime":"2022-05-20 22:44:09"},{"entid":"38664","pevid":"647","hip":"36.0","regno":"10225775","pbid":"0","bbcid":"8206","bno":"HV42","bname":"Razzmatazz ","owner":"HighView Cattle Co \/ M Rafter E Bucking Bulls","handler":"Sam Mitchell","del":"L","birthyear":"2018","tier":"222","bdraw":"9999","entcode":"0","feesum":"0.00","paid":"1","method":"0","entrytime":"2022-05-20 22:44:09"},{"entid":"38674","pevid":"647","hip":"34.0","regno":"10225235","pbid":"0","bbcid":"7381","bno":"863","bname":"High Hopes","owner":"Stevens Bucking Bulls","handler":"Kaleb Stevens","del":"L","birthyear":"2018","tier":"222","bdraw":"9999","entcode":"0","feesum":"0.00","paid":"1","method":"0","entrytime":"2022-05-20 22:44:09"},{"entid":"38675","pevid":"647","hip":"6.0","regno":"10219642","pbid":"0","bbcid":"4151","bno":"8042","bname":"Skittles","owner":"Fire S Cattle ","handler":"Bert Shambles","del":"L","birthyear":"2018","tier":"222","bdraw":"9999","entcode":"0","feesum":"0.00","paid":"1","method":"0","entrytime":"2022-05-20 22:44:09"},{"entid":"38676","pevid":"647","hip":"12.0","regno":"10220038","pbid":"0","bbcid":"4454","bno":"8121","bname":"Heart & Soul","owner":"Just For Kicks \/ DD Bucking Bulls","handler":"Dale Tiemann","del":"R","birthyear":"2018","tier":"222","bdraw":"9999","entcode":"0","feesum":"0.00","paid":"1","method":"0","entrytime":"2022-05-20 22:44:09"},{"entid":"38677","pevid":"647","hip":"0.0","regno":"10226083","pbid":"0","bbcid":"8222","bno":"812","bname":"Country Roads ","owner":"Just For Kicks\/DD Bucking Bulls","handler":"Dale Tiemann","del":"R","birthyear":"2018","tier":"222","bdraw":"0","entcode":"0","feesum":"0.00","paid":"0","method":"justforkicks","entrytime":"2022-05-20 22:44:09"},{"entid":"38683","pevid":"647","hip":"4.0","regno":"10224163","pbid":"0","bbcid":"7742","bno":"881","bname":"Game Over","owner":"Cooper \/ Scruggs \/ Bishop","handler":"Bryce Cooper","del":"R","birthyear":"2018","tier":"222","bdraw":"9999","entcode":"0","feesum":"0.00","paid":"1","method":"0","entrytime":"2022-05-20 22:44:09"},{"entid":"38691","pevid":"647","hip":"33.0","regno":"10223109","pbid":"0","bbcid":"4585","bno":"F6","bname":"Mr. Excavator ","owner":"Justin Cornwell","handler":"Justin Cornwell","del":"L","birthyear":"2018","tier":"222","bdraw":"9999","entcode":"0","feesum":"0.00","paid":"1","method":"0","entrytime":"2022-05-20 22:44:09"},{"entid":"38692","pevid":"647","hip":"18.0","regno":"10219860","pbid":"0","bbcid":"8418","bno":"963","bname":"Brutilizer","owner":"Guidry Land & Cattle \/ 4G Ranch","handler":"John Griggs","del":"L","birthyear":"2018","tier":"222","bdraw":"9999","entcode":"0","feesum":"0.00","paid":"1","method":"0","entrytime":"2022-05-20 22:44:09"},{"entid":"38717","pevid":"647","hip":"11.0","regno":"10250131","pbid":"0","bbcid":"6632","bno":"23 ","bname":"Cowboy Cool","owner":"Pate \/ D&H Cattle","handler":"HD Page","del":"L","birthyear":"2018","tier":"222","bdraw":"9999","entcode":"0","feesum":"0.00","paid":"1","method":"0","entrytime":"2022-05-20 22:44:09"},{"entid":"38718","pevid":"647","hip":"31.0","regno":"10250132","pbid":"0","bbcid":"8232","bno":"22MP","bname":"Lady Killer","owner":"P. Ro\/ Lone Star \/ Pate \/ D&H","handler":"HD Page","del":"L","birthyear":"2018","tier":"222","bdraw":"9999","entcode":"0","feesum":"0.00","paid":"1","method":"0","entrytime":"2022-05-20 22:44:09"},{"entid":"38719","pevid":"647","hip":"38.0","regno":"10221158","pbid":"0","bbcid":"4192","bno":"35F","bname":"Cool Whip","owner":"Julian Cattle & Staci Addison \/ D&H Cattle \/ Crooked W","handler":"HD Page","del":"L","birthyear":"2018","tier":"222","bdraw":"9999","entcode":"0","feesum":"0.00","paid":"1","method":"0","entrytime":"2022-05-20 22:44:09"},{"entid":"38720","pevid":"647","hip":"17.0","regno":"10220657","pbid":"0","bbcid":"5799","bno":"837","bname":"Kingdom","owner":"Futrell \/ D&H Cattle ","handler":"HD Page","del":"R","birthyear":"2018","tier":"222","bdraw":"9999","entcode":"0","feesum":"0.00","paid":"1","method":"0","entrytime":"2022-05-20 22:44:09"},{"entid":"38721","pevid":"647","hip":"3.0","regno":"10219338","pbid":"0","bbcid":"4194","bno":"F20","bname":"Alakazam","owner":"Julian Cattle & Staci Addison \/ Buck Cattle \/ D&H Cattle","handler":"HD Page","del":"R","birthyear":"2018","tier":"222","bdraw":"9999","entcode":"0","feesum":"0.00","paid":"1","method":"0","entrytime":"2022-05-20 22:44:09"},{"entid":"38722","pevid":"647","hip":"1.0","regno":"10217887","pbid":"0","bbcid":"6630","bno":"47F","bname":"Charmer","owner":"D&H Cattle \/ Buck Cattle","handler":"HD Page","del":"L","birthyear":"2018","tier":"222","bdraw":"9999","entcode":"0","feesum":"0.00","paid":"1","method":"0","entrytime":"2022-05-20 22:44:09"},{"entid":"38724","pevid":"647","hip":"37.0","regno":"10229267","pbid":"0","bbcid":"6287","bno":"5g","bname":"Flapjack","owner":"Parker\/OK Corralis\/Gordon\/D&H Cattle","handler":"HD Page","del":"L","birthyear":"2019","tier":"222","bdraw":"9999","entcode":"0","feesum":"0.00","paid":"1","method":"0","entrytime":"2022-05-20 22:44:09"},{"entid":"38725","pevid":"647","hip":"0.0","regno":"10217913","pbid":"0","bbcid":"4172","bno":"827F","bname":"Domino","owner":"Buck Cattle \/ D&H Cattle","handler":"HD Page","del":"L","birthyear":"2018","tier":"222","bdraw":"0","entcode":"0","feesum":"0.00","paid":"0","method":"pagebulls","entrytime":"2022-05-20 22:44:09"},{"entid":"38727","pevid":"647","hip":"2.0","regno":"10219279","pbid":"0","bbcid":"4190","bno":"F42","bname":"Big Wave ","owner":"Lone Star \/ Outlaw \/ Maynes \/ D&H Cattle","handler":"HD Page","del":"L","birthyear":"2018","tier":"222","bdraw":"9999","entcode":"0","feesum":"0.00","paid":"1","method":"0","entrytime":"2022-05-20 22:44:09"},{"entid":"38733","pevid":"647","hip":"16.0","regno":"10223466","pbid":"0","bbcid":"8545","bno":"45H","bname":"Sky Is The Limit","owner":"Halpain Bucking Bulls","handler":"Aaron Halpain","del":"L","birthyear":"2018","tier":"222","bdraw":"9999","entcode":"0","feesum":"0.00","paid":"1","method":"0","entrytime":"2022-05-20 22:44:09"},{"entid":"38734","pevid":"647","hip":"29.0","regno":"10227864","pbid":"0","bbcid":"7181","bno":"839","bname":"Tortuga","owner":"Halpain \/ Martinelli","handler":"Aaron Halpain","del":"R","birthyear":"2018","tier":"222","bdraw":"9999","entcode":"0","feesum":"0.00","paid":"1","method":"0","entrytime":"2022-05-20 22:44:09"},{"entid":"38737","pevid":"647","hip":"8.0","regno":"10228662","pbid":"0","bbcid":"4625","bno":"R83","bname":"War Department","owner":"Rockin T Ranch","handler":"BJ Tolman","del":"R","birthyear":"2018","tier":"222","bdraw":"9999","entcode":"0","feesum":"0.00","paid":"1","method":"0","entrytime":"2022-05-20 22:44:09"},{"entid":"38738","pevid":"647","hip":"24.0","regno":"10224362","pbid":"0","bbcid":"5570","bno":"ZZ873","bname":"Firestone","owner":"Less Than 8 Cattle ","handler":"Scott McMillan","del":"R","birthyear":"2018","tier":"222","bdraw":"9999","entcode":"0","feesum":"0.00","paid":"1","method":"0","entrytime":"2022-05-20 22:44:09"},{"entid":"38747","pevid":"647","hip":"0.0","regno":"10223440","pbid":"0","bbcid":"8416","bno":"19H","bname":"Man Hater ","owner":"Halpain Bucking Bulls","handler":"Aaron Halpain","del":"L","birthyear":"2018","tier":"222","bdraw":"0","entcode":"0","feesum":"0.00","paid":"0","method":"jdhalpain","entrytime":"2022-05-20 22:44:09"},{"entid":"38748","pevid":"647","hip":"0.0","regno":"10222097","pbid":"0","bbcid":"8762","bno":"10H","bname":"Rank Frank ","owner":"JATT Bucking Bulls","handler":"Aaron Halpain","del":"L","birthyear":"2018","tier":"222","bdraw":"0","entcode":"0","feesum":"0.00","paid":"0","method":"jdhalpain","entrytime":"2022-05-20 22:44:09"},{"entid":"38773","pevid":"647","hip":"9.0","regno":"10217834","pbid":"0","bbcid":"4171","bno":"861F","bname":"Short Circuit","owner":"McWhorter \/ D&H Cattle ","handler":"Aaron McWhorter","del":"L","birthyear":"2018","tier":"222","bdraw":"9999","entcode":"0","feesum":"0.00","paid":"1","method":"0","entrytime":"2022-05-20 22:44:09"},{"entid":"38786","pevid":"647","hip":"22.0","regno":"10221770","pbid":"0","bbcid":"5344","bno":"-167","bname":"Black Cherry","owner":"ProVantage Animal Health\/ Hookin W Ranch","handler":"Laramie Wilson","del":"L","birthyear":"2018","tier":"222","bdraw":"9999","entcode":"0","feesum":"0.00","paid":"1","method":"0","entrytime":"2022-05-20 22:44:09"},{"entid":"38796","pevid":"647","hip":"5.0","regno":"10239151","pbid":"0","bbcid":"8239","bno":"805","bname":"Train Station ","owner":"Stockyards Pro Rodeo\/Winston\/Melton Bull Co","handler":"Scott Winston","del":"L","birthyear":"2018","tier":"222","bdraw":"9999","entcode":"0","feesum":"0.00","paid":"1","method":"0","entrytime":"2022-05-20 22:44:09"},{"entid":"38865","pevid":"647","hip":"23.0","regno":"10221053","pbid":"0","bbcid":"6537","bno":"953","bname":"July","owner":"Lane Leffew \/ Adam Newton\/Meza","handler":"Judd Leffew","del":"L","birthyear":"2018","tier":"222","bdraw":"9999","entcode":"0","feesum":"0.00","paid":"1","method":"0","entrytime":"2022-05-20 22:44:09"},{"entid":"38866","pevid":"647","hip":"0.0","regno":"10228983","pbid":"0","bbcid":"4297","bno":"823","bname":"Big Heart","owner":"Austin Leffew\/Meza","handler":"Judd Leffew","del":"R","birthyear":"2018","tier":"222","bdraw":"0","entcode":"0","feesum":"0.00","paid":"0","method":"Bentley","entrytime":"2022-05-20 22:44:09"},{"entid":"38906","pevid":"647","hip":"30.0","regno":"10238269","pbid":"0","bbcid":"5114","bno":"86","bname":"Chief","owner":"Blake Sharp\/ Michael Floyd ","handler":"Blake Sharp","del":"L","birthyear":"2018","tier":"222","bdraw":"9999","entcode":"0","feesum":"0.00","paid":"1","method":"0","entrytime":"2022-05-20 22:44:09"},{"entid":"38907","pevid":"647","hip":"0.0","regno":"10220201","pbid":"0","bbcid":"5068","bno":"959","bname":"Sellout","owner":"Blake Sharp \/ Koe Wetzel \/ Cody ONeil ","handler":"Blake Sharp","del":"L","birthyear":"2018","tier":"222","bdraw":"0","entcode":"0","feesum":"0.00","paid":"0","method":"834","entrytime":"2022-05-10 11:15:13"},{"entid":"38908","pevid":"647","hip":"10.0","regno":"10224147","pbid":"0","bbcid":"4630","bno":"8181","bname":"Gangster Rock","owner":"Blake Sharp \/ High Voltage Cattle","handler":"Blake Sharp","del":"L","birthyear":"2018","tier":"222","bdraw":"9999","entcode":"0","feesum":"0.00","paid":"1","method":"0","entrytime":"2022-05-20 22:44:09"},{"entid":"38910","pevid":"647","hip":"0.0","regno":"10241593","pbid":"0","bbcid":"6267","bno":"568","bname":"Pearl Snap","owner":"B.A.D Sons \/ 2H Buckin Bullz","handler":"Scott Hughes","del":"R","birthyear":"2018","tier":"222","bdraw":"0","entcode":"0","feesum":"0.00","paid":"0","method":"Jabbi","entrytime":"2022-05-20 22:44:09"},{"entid":"38934","pevid":"647","hip":"0.0","regno":"10226468","pbid":"0","bbcid":"8798","bno":"801","bname":"BS 801","owner":"BS Cattle Co.","handler":"Brandon Stewart","del":"L","birthyear":"2018","tier":"222","bdraw":"0","entcode":"0","feesum":"0.00","paid":"0","method":"mariep","entrytime":"2022-05-10 11:15:13"},{"entid":"39111","pevid":"647","hip":"28.0","regno":"10217839","pbid":"0","bbcid":"4501","bno":"6F","bname":"Tchoupitoulas","owner":"Heavy Hitters Group \/ Twisted T Livestock","handler":"Madison Taylor","del":"L","birthyear":"2018","tier":"222","bdraw":"9999","entcode":"666","feesum":"0.00","paid":"1","method":"0","entrytime":"2022-05-20 22:44:09"},{"entid":"39113","pevid":"647","hip":"13.0","regno":"10218082","pbid":"0","bbcid":"4540","bno":"833r","bname":"Knockin Boots","owner":"Gene Baker \/ Hillcrest Bucking Bulls","handler":"Gene Baker","del":"R","birthyear":"2018","tier":"222","bdraw":"9999","entcode":"666","feesum":"0.00","paid":"1","method":"0","entrytime":"2022-05-20 22:44:09"},{"entid":"39114","pevid":"647","hip":"7.0","regno":"10222050","pbid":"0","bbcid":"5095","bno":"808","bname":"Miller Time","owner":"A&E Bucking Bulls \/ BS Cattle Co","handler":"Brandon Stewart","del":"R","birthyear":"2018","tier":"222","bdraw":"9999","entcode":"666","feesum":"0.00","paid":"1","method":"0","entrytime":"2022-05-20 22:44:09"},{"entid":"39115","pevid":"647","hip":"20.0","regno":"10220277","pbid":"0","bbcid":"6778","bno":"C6","bname":"Kong","owner":"Coleman \/ Ogden Ranch \/ Hart Cattle","handler":"JW Hart","del":"L","birthyear":"2018","tier":"222","bdraw":"9999","entcode":"666","feesum":"0.00","paid":"1","method":"0","entrytime":"2022-05-20 22:44:09"},{"entid":"39116","pevid":"647","hip":"19.0","regno":"10249405","pbid":"0","bbcid":"8224","bno":"40","bname":"God Bless America","owner":"Hoefer \/ Berryman \/ Ogden \/ Hart","handler":"Nathan Ogden","del":"L","birthyear":"2018","tier":"222","bdraw":"9999","entcode":"666","feesum":"0.00","paid":"1","method":"0","entrytime":"2022-05-20 22:44:09"},{"entid":"39117","pevid":"647","hip":"21.0","regno":"10220258","pbid":"0","bbcid":"4044","bno":"0218","bname":"Cowboy Playboy","owner":"Partin Place","handler":"Virgil Partin","del":"L","birthyear":"2018","tier":"222","bdraw":"9999","entcode":"666","feesum":"0.00","paid":"1","method":"0","entrytime":"2022-05-20 22:44:09"},{"entid":"39118","pevid":"647","hip":"25.0","regno":"10219767","pbid":"0","bbcid":"4866","bno":"25F","bname":"Wilson","owner":"Cord McCoy \/ CCL Bucking Bulls","handler":"Cord McCoy","del":"R","birthyear":"2018","tier":"222","bdraw":"9999","entcode":"666","feesum":"0.00","paid":"1","method":"0","entrytime":"2022-05-20 22:44:09"},{"entid":"39119","pevid":"647","hip":"0.0","regno":"10238974","pbid":"0","bbcid":"8777","bno":"823","bname":"Quick Silver 823","owner":"Hawkins Bucking Bulls\/BBar Ranch","handler":"Steve Hawkins","del":"R","birthyear":"2018","tier":"222","bdraw":"0","entcode":"666","feesum":"0.00","paid":"0","method":"Jabbi","entrytime":"2022-05-09 12:32:40"},{"entid":"39120","pevid":"647","hip":"36.0","regno":"10225775","pbid":"0","bbcid":"8206","bno":"HV42","bname":"Razzmatazz ","owner":"HighView Cattle Co \/ M Rafter E Bucking Bulls","handler":"Sam Mitchell","del":"L","birthyear":"2018","tier":"222","bdraw":"9999","entcode":"666","feesum":"0.00","paid":"1","method":"0","entrytime":"2022-05-20 22:44:09"},{"entid":"39121","pevid":"647","hip":"6.0","regno":"10219642","pbid":"0","bbcid":"4151","bno":"8042","bname":"Skittles","owner":"Fire S Cattle ","handler":"Bert Shambles","del":"L","birthyear":"2018","tier":"222","bdraw":"9999","entcode":"666","feesum":"0.00","paid":"1","method":"0","entrytime":"2022-05-20 22:44:09"},{"entid":"39122","pevid":"647","hip":"12.0","regno":"10220038","pbid":"0","bbcid":"4454","bno":"8121","bname":"Heart & Soul","owner":"Just For Kicks \/ DD Bucking Bulls","handler":"Dale Tiemann","del":"R","birthyear":"2018","tier":"222","bdraw":"9999","entcode":"666","feesum":"0.00","paid":"1","method":"0","entrytime":"2022-05-20 22:44:09"},{"entid":"39123","pevid":"647","hip":"4.0","regno":"10224163","pbid":"0","bbcid":"7742","bno":"881","bname":"Game Over","owner":"Cooper \/ Scruggs \/ Bishop","handler":"Bryce Cooper","del":"R","birthyear":"2018","tier":"222","bdraw":"9999","entcode":"666","feesum":"0.00","paid":"1","method":"0","entrytime":"2022-05-20 22:44:09"},{"entid":"39124","pevid":"647","hip":"33.0","regno":"10223109","pbid":"0","bbcid":"4585","bno":"F6","bname":"Mr. Excavator ","owner":"Justin Cornwell","handler":"Justin Cornwell","del":"L","birthyear":"2018","tier":"222","bdraw":"9999","entcode":"666","feesum":"0.00","paid":"1","method":"0","entrytime":"2022-05-20 22:44:09"},{"entid":"39125","pevid":"647","hip":"34.0","regno":"10225235","pbid":"0","bbcid":"7381","bno":"863","bname":"High Hopes","owner":"Stevens Bucking Bulls","handler":"Kaleb Stevens","del":"L","birthyear":"2018","tier":"222","bdraw":"9999","entcode":"666","feesum":"0.00","paid":"1","method":"0","entrytime":"2022-05-20 22:44:09"},{"entid":"39126","pevid":"647","hip":"11.0","regno":"10250131","pbid":"0","bbcid":"6632","bno":"23 MP","bname":"Cowboy Cool","owner":"Pate \/ D&H Cattle","handler":"HD Page","del":"L","birthyear":"2018","tier":"222","bdraw":"9999","entcode":"666","feesum":"0.00","paid":"1","method":"0","entrytime":"2022-05-20 22:44:09"},{"entid":"39127","pevid":"647","hip":"31.0","regno":"10250132","pbid":"0","bbcid":"8232","bno":"22MP","bname":"Lady Killer","owner":"P. Ro\/ Lone Star \/ Pate \/ D&H","handler":"HD Page","del":"L","birthyear":"2018","tier":"222","bdraw":"9999","entcode":"666","feesum":"0.00","paid":"1","method":"0","entrytime":"2022-05-20 22:44:09"},{"entid":"39128","pevid":"647","hip":"16.0","regno":"10223466","pbid":"0","bbcid":"8545","bno":"45H","bname":"Sky Is The Limit","owner":"Halpain Bucking Bulls","handler":"Aaron Halpain","del":"L","birthyear":"2018","tier":"222","bdraw":"9999","entcode":"666","feesum":"0.00","paid":"1","method":"0","entrytime":"2022-05-20 22:44:09"},{"entid":"39129","pevid":"647","hip":"29.0","regno":"10227864","pbid":"0","bbcid":"7181","bno":"839","bname":"Tortuga","owner":"Halpain \/ Martinelli","handler":"Aaron Halpain","del":"R","birthyear":"2018","tier":"222","bdraw":"9999","entcode":"666","feesum":"0.00","paid":"1","method":"0","entrytime":"2022-05-20 22:44:09"},{"entid":"39130","pevid":"647","hip":"18.0","regno":"10219860","pbid":"0","bbcid":"8418","bno":"963","bname":"Brutilizer","owner":"Guidry Land & Cattle \/ 4G Ranch","handler":"John Griggs","del":"L","birthyear":"2018","tier":"222","bdraw":"9999","entcode":"666","feesum":"0.00","paid":"1","method":"0","entrytime":"2022-05-20 22:44:09"},{"entid":"39131","pevid":"647","hip":"24.0","regno":"10224362","pbid":"0","bbcid":"5570","bno":"ZZ873","bname":"Firestone","owner":"Less Than 8 Cattle ","handler":"Scott McMillan","del":"R","birthyear":"2018","tier":"222","bdraw":"9999","entcode":"666","feesum":"0.00","paid":"1","method":"0","entrytime":"2022-05-20 22:44:09"},{"entid":"39132","pevid":"647","hip":"8.0","regno":"10228662","pbid":"0","bbcid":"4625","bno":"R83","bname":"War Department","owner":"Rockin T Ranch","handler":"BJ Tolman","del":"R","birthyear":"2018","tier":"222","bdraw":"9999","entcode":"666","feesum":"0.00","paid":"1","method":"0","entrytime":"2022-05-20 22:44:09"},{"entid":"39133","pevid":"647","hip":"17.0","regno":"10220657","pbid":"0","bbcid":"5799","bno":"837","bname":"Kingdom","owner":"Futrell \/ D&H Cattle ","handler":"HD Page","del":"R","birthyear":"2018","tier":"222","bdraw":"9999","entcode":"666","feesum":"0.00","paid":"1","method":"0","entrytime":"2022-05-20 22:44:09"},{"entid":"39134","pevid":"647","hip":"1.0","regno":"10217887","pbid":"0","bbcid":"6630","bno":"47F","bname":"Charmer","owner":"D&H Cattle \/ Buck Cattle","handler":"HD Page","del":"L","birthyear":"2018","tier":"222","bdraw":"9999","entcode":"666","feesum":"0.00","paid":"1","method":"0","entrytime":"2022-05-20 22:44:09"},{"entid":"39135","pevid":"647","hip":"37.0","regno":"10229267","pbid":"0","bbcid":"6287","bno":"5g","bname":"Flapjack","owner":"Parker\/OK Corralis\/Gordon\/D&H Cattle","handler":"HD Page","del":"L","birthyear":"2019","tier":"222","bdraw":"9999","entcode":"666","feesum":"0.00","paid":"1","method":"0","entrytime":"2022-05-20 22:44:09"},{"entid":"39136","pevid":"647","hip":"2.0","regno":"10219279","pbid":"0","bbcid":"4190","bno":"F42","bname":"Big Wave ","owner":"Lone Star \/ Outlaw \/ Maynes \/ D&H Cattle","handler":"HD Page","del":"L","birthyear":"2018","tier":"222","bdraw":"9999","entcode":"666","feesum":"0.00","paid":"1","method":"0","entrytime":"2022-05-20 22:44:09"},{"entid":"39137","pevid":"647","hip":"9.0","regno":"10217834","pbid":"0","bbcid":"4171","bno":"861F","bname":"Short Circuit","owner":"McWhorter \/ D&H Cattle ","handler":"Aaron McWhorter","del":"L","birthyear":"2018","tier":"222","bdraw":"9999","entcode":"666","feesum":"0.00","paid":"1","method":"0","entrytime":"2022-05-20 22:44:09"},{"entid":"39138","pevid":"647","hip":"22.0","regno":"10221770","pbid":"0","bbcid":"5344","bno":"-167","bname":"Black Cherry","owner":"ProVantage Animal Health\/ Hookin W Ranch","handler":"Laramie Wilson","del":"L","birthyear":"2018","tier":"222","bdraw":"9999","entcode":"666","feesum":"0.00","paid":"1","method":"0","entrytime":"2022-05-20 22:44:09"},{"entid":"39139","pevid":"647","hip":"30.0","regno":"10238269","pbid":"0","bbcid":"5114","bno":"86","bname":"Chief","owner":"Blake Sharp\/ Michael Floyd ","handler":"Blake Sharp","del":"L","birthyear":"2018","tier":"222","bdraw":"9999","entcode":"666","feesum":"0.00","paid":"1","method":"0","entrytime":"2022-05-20 22:44:09"},{"entid":"39140","pevid":"647","hip":"10.0","regno":"10224147","pbid":"0","bbcid":"4630","bno":"8181","bname":"Gangster Rock","owner":"Blake Sharp \/ High Voltage Cattle","handler":"Blake Sharp","del":"L","birthyear":"2018","tier":"222","bdraw":"9999","entcode":"666","feesum":"0.00","paid":"1","method":"0","entrytime":"2022-05-20 22:44:09"},{"entid":"39141","pevid":"647","hip":"23.0","regno":"10221053","pbid":"0","bbcid":"6537","bno":"953","bname":"July","owner":"Lane Leffew \/ Adam Newton\/Meza","handler":"Judd Leffew","del":"L","birthyear":"2018","tier":"222","bdraw":"9999","entcode":"666","feesum":"0.00","paid":"1","method":"0","entrytime":"2022-05-20 22:44:09"},{"entid":"39142","pevid":"647","hip":"0.0","regno":"10228983","pbid":"0","bbcid":"4297","bno":"823","bname":"Big Heart","owner":"Austin Leffew\/Meza","handler":"Judd Leffew","del":"R","birthyear":"2018","tier":"222","bdraw":"0","entcode":"666","feesum":"0.00","paid":"0","method":"Jabbi","entrytime":"2022-05-09 12:32:40"},{"entid":"39143","pevid":"647","hip":"32.0","regno":"10219540","pbid":"0","bbcid":"4055","bno":"CMc814","bname":"Tulsa Time","owner":"Cord & Sara McCoy","handler":"Cord McCoy","del":"R","birthyear":"2018","tier":"222","bdraw":"9999","entcode":"666","feesum":"0.00","paid":"1","method":"0","entrytime":"2022-05-20 22:44:09"},{"entid":"39144","pevid":"647","hip":"27.0","regno":"10226866","pbid":"0","bbcid":"8344","bno":"8194","bname":"Blue Duck","owner":"Cord McCoy\/Grin\/Jacobson\/Davis Rodeo Ranch","handler":"Cord McCoy","del":"L","birthyear":"2018","tier":"222","bdraw":"9999","entcode":"666","feesum":"0.00","paid":"1","method":"0","entrytime":"2022-05-20 22:44:09"},{"entid":"39145","pevid":"647","hip":"14.0","regno":"10251590","pbid":"0","bbcid":"7810","bno":"17R","bname":"Renegade","owner":"Cord McCoy\/Rodosky\/Lovell\/Punke","handler":"Cord McCoy","del":"L","birthyear":"2018","tier":"222","bdraw":"9999","entcode":"666","feesum":"0.00","paid":"1","method":"0","entrytime":"2022-05-20 22:44:09"},{"entid":"39146","pevid":"647","hip":"5.0","regno":"10239151","pbid":"0","bbcid":"8239","bno":"805","bname":"Train Station ","owner":"Stockyards Pro Rodeo\/Winston\/Melton Bull Co","handler":"Scott Winston","del":"L","birthyear":"2018","tier":"222","bdraw":"9999","entcode":"666","feesum":"0.00","paid":"1","method":"0","entrytime":"2022-05-20 22:44:09"},{"entid":"39147","pevid":"647","hip":"35.0","regno":"10220040","pbid":"0","bbcid":"3978","bno":"8122","bname":"Mr. Personality","owner":"Southern Cross Bucking Bulls","handler":"Greg Stevens","del":"R","birthyear":"2018","tier":"222","bdraw":"9999","entcode":"666","feesum":"0.00","paid":"1","method":"0","entrytime":"2022-05-20 22:44:09"},{"entid":"39148","pevid":"647","hip":"38.0","regno":"10221158","pbid":"0","bbcid":"4192","bno":"35F","bname":"Cool Whip","owner":"Julian Cattle & Staci Addison \/ D&H Cattle \/ Crooked W","handler":"HD Page","del":"L","birthyear":"2018","tier":"222","bdraw":"9999","entcode":"666","feesum":"0.00","paid":"1","method":"0","entrytime":"2022-05-20 22:44:09"},{"entid":"39149","pevid":"647","hip":"15.0","regno":"10217821","pbid":"0","bbcid":"4169","bno":"70F","bname":"Brusta","owner":"Joe & Nina Webb \/ Julian Cattle & Staci Addison \/ D&H Cattle","handler":"HD Page","del":"L","birthyear":"2018","tier":"222","bdraw":"9999","entcode":"666","feesum":"0.00","paid":"1","method":"0","entrytime":"2022-05-20 22:44:09"},{"entid":"39150","pevid":"647","hip":"3.0","regno":"10219338","pbid":"0","bbcid":"4194","bno":"F20","bname":"Alakazam","owner":"Julian Cattle & Staci Addison \/ Buck Cattle \/ D&H Cattle","handler":"HD Page","del":"R","birthyear":"2018","tier":"222","bdraw":"9999","entcode":"666","feesum":"0.00","paid":"1","method":"0","entrytime":"2022-05-20 22:44:09"},{"entid":"39151","pevid":"647","hip":"26.0","regno":"10221154","pbid":"0","bbcid":"4904","bno":"40F","bname":"Hank","owner":"Cord McCoy \/ Wold \/ Stevens","handler":"Cord McCoy","del":"L","birthyear":"2018","tier":"222","bdraw":"9999","entcode":"666","feesum":"0.00","paid":"1","method":"0","entrytime":"2022-05-20 22:44:09"}]