[{"evid":"2706","pevid":"647","draw_grp":"0","startdate":"2022-05-13 18:45:00","perfcount":"0","roundcount":"0","evtype":"Classic","evclass":"Open","evlabel":"Round 1","schedfees":"0","fees":"1560.00","added":"21500.00","sanction":"ABBI","status":"locked","evlink":"93"},{"evid":"2869","pevid":"647","draw_grp":"0","startdate":"2022-05-20 19:30:00","perfcount":"0","roundcount":"0","evtype":"Classic","evclass":"Open","evlabel":"Round 2","schedfees":"0","fees":"1560.00","added":"21500.00","sanction":"ABBI","status":"locked","evlink":"93"}]