[{"rowid":"1","evid1":"323","evlink":"round","evid2":"380"},{"rowid":"4","evid1":"389","evlink":"perf","evid2":"390"},{"rowid":"7","evid1":"417","evlink":"round","evid2":"418"},{"rowid":"8","evid1":"330","evlink":"round","evid2":"541"},{"rowid":"9","evid1":"557","evlink":"round","evid2":"558"},{"rowid":"10","evid1":"489","evlink":"perf","evid2":"559"},{"rowid":"11","evid1":"754","evlink":"perf","evid2":"806"},{"rowid":"12","evid1":"816","evlink":"perf","evid2":"817"},{"rowid":"13","evid1":"818","evlink":"perf","evid2":"819"},{"rowid":"14","evid1":"826","evlink":"round","evid2":"829"},{"rowid":"15","evid1":"827","evlink":"perf","evid2":"828"},{"rowid":"16","evid1":"830","evlink":"round","evid2":"831"},{"rowid":"17","evid1":"841","evlink":"perf","evid2":"877"},{"rowid":"18","evid1":"836","evlink":"perf","evid2":"878"},{"rowid":"19","evid1":"879","evlink":"perf","evid2":"837"},{"rowid":"20","evid1":"889","evlink":"perf","evid2":"890"},{"rowid":"21","evid1":"887","evlink":"perf","evid2":"888"},{"rowid":"23","evid1":"898","evlink":"round","evid2":"899"},{"rowid":"24","evid1":"901","evlink":"round","evid2":"905"},{"rowid":"25","evid1":"979","evlink":"perf","evid2":"980"},{"rowid":"26","evid1":"981","evlink":"perf","evid2":"982"},{"rowid":"27","evid1":"983","evlink":"perf","evid2":"984"},{"rowid":"28","evid1":"1012","evlink":"round","evid2":"1011"},{"rowid":"31","evid1":"1303","evlink":"round","evid2":"1304"},{"rowid":"32","evid1":"1308","evlink":"perf","evid2":"1309"},{"rowid":"33","evid1":"1310","evlink":"perf","evid2":"1311"},{"rowid":"34","evid1":"1312","evlink":"perf","evid2":"1313"},{"rowid":"36","evid1":"1346","evlink":"round","evid2":"1347"},{"rowid":"37","evid1":"1348","evlink":"perf","evid2":"1349"},{"rowid":"38","evid1":"1350","evlink":"perf","evid2":"1351"},{"rowid":"41","evid1":"1366","evlink":"perf","evid2":"1419"},{"rowid":"42","evid1":"1395","evlink":"perf","evid2":"1396"},{"rowid":"43","evid1":"1430","evlink":"perf","evid2":"1432"},{"rowid":"44","evid1":"1431","evlink":"perf","evid2":"1433"},{"rowid":"45","evid1":"1763","evlink":"round","evid2":"1764"},{"rowid":"46","evid1":"1767","evlink":"round","evid2":"1768"},{"rowid":"47","evid1":"1770","evlink":"round","evid2":"1772"},{"rowid":"48","evid1":"1776","evlink":"round","evid2":"1775"},{"rowid":"49","evid1":"1835","evlink":"perf","evid2":"1839"},{"rowid":"50","evid1":"1830","evlink":"round","evid2":"1831"},{"rowid":"51","evid1":"1829","evlink":"round","evid2":"1851"},{"rowid":"53","evid1":"1837","evlink":"perf","evid2":"1840"},{"rowid":"54","evid1":"1836","evlink":"perf","evid2":"1841"},{"rowid":"55","evid1":"1838","evlink":"perf","evid2":"1842"},{"rowid":"56","evid1":"1878","evlink":"perf","evid2":"1879"},{"rowid":"57","evid1":"1892","evlink":"perf","evid2":"1894"},{"rowid":"58","evid1":"1891","evlink":"perf","evid2":"1895"},{"rowid":"59","evid1":"1893","evlink":"perf","evid2":"1896"},{"rowid":"60","evid1":"1897","evlink":"perf","evid2":"1898"},{"rowid":"61","evid1":"1934","evlink":"perf","evid2":"1935"},{"rowid":"62","evid1":"1936","evlink":"perf","evid2":"1937"},{"rowid":"63","evid1":"1938","evlink":"perf","evid2":"1939"},{"rowid":"64","evid1":"1940","evlink":"perf","evid2":"1941"},{"rowid":"65","evid1":"1942","evlink":"perf","evid2":"1943"},{"rowid":"66","evid1":"1944","evlink":"perf","evid2":"1945"},{"rowid":"67","evid1":"1946","evlink":"perf","evid2":"1947"},{"rowid":"68","evid1":"1948","evlink":"perf","evid2":"1949"},{"rowid":"69","evid1":"1950","evlink":"perf","evid2":"1951"},{"rowid":"70","evid1":"2374","evlink":"round","evid2":"2375"},{"rowid":"71","evid1":"2428","evlink":"round","evid2":"2429"},{"rowid":"72","evid1":"2427","evlink":"round","evid2":"2456"},{"rowid":"73","evid1":"2518","evlink":"perf","evid2":"2519"},{"rowid":"74","evid1":"2520","evlink":"perf","evid2":"2521"},{"rowid":"75","evid1":"2522","evlink":"round","evid2":"2523"},{"rowid":"76","evid1":"2524","evlink":"round","evid2":"2525"},{"rowid":"77","evid1":"2532","evlink":"round","evid2":"2533"},{"rowid":"78","evid1":"2535","evlink":"perf","evid2":"2536"},{"rowid":"79","evid1":"2623","evlink":"perf","evid2":"2624"},{"rowid":"80","evid1":"2625","evlink":"perf","evid2":"2626"},{"rowid":"81","evid1":"2645","evlink":"perf","evid2":"2654"},{"rowid":"82","evid1":"2675","evlink":"round","evid2":"2676"},{"rowid":"83","evid1":"2690","evlink":"round","evid2":"2691"},{"rowid":"85","evid1":"2756","evlink":"perf","evid2":"2664"},{"rowid":"86","evid1":"2757","evlink":"perf","evid2":"2665"},{"rowid":"87","evid1":"2687","evlink":"perf","evid2":"2833"},{"rowid":"88","evid1":"2688","evlink":"perf","evid2":"2848"},{"rowid":"89","evid1":"2849","evlink":"perf","evid2":"2689"},{"rowid":"90","evid1":"2846","evlink":"perf","evid2":"2851"},{"rowid":"91","evid1":"2843","evlink":"perf","evid2":"2850"},{"rowid":"93","evid1":"2706","evlink":"round","evid2":"2869"}]