[{"pevid":"606","city":"Seneca","state":"WI","startday":"2022-01-29","season":"2022","title":"2022 Champions Series, Jan","eoo":"2022-01-01 12:01:00","ec":"2022-01-24 11:59:00","sanction":"AC-8055","status":"On","jfig":""},{"pevid":"608","city":"Seneca","state":"WI","startday":"2022-04-16","season":"2022","title":"2022 Champions Series, Apr","eoo":"2022-01-01 12:01:00","ec":"2022-04-11 11:59:00","sanction":"Anthony Carlson","status":"On","jfig":""},{"pevid":"609","city":"Seneca","state":"WI","startday":"2022-03-12","season":"2022","title":"2022 Champions Series, Mar","eoo":"2022-01-01 12:01:00","ec":"2022-03-07 11:59:00","sanction":"Anthony Carlson","status":"On","jfig":""},{"pevid":"610","city":"Sandstone","state":"MN","startday":"2022-05-14","season":"2022","title":"2022 Champions Series, May","eoo":"2022-01-01 12:01:00","ec":"2022-05-09 11:59:00","sanction":"Anthony Carlson","status":"On","jfig":""},{"pevid":"611","city":"Long Prairie","state":"MN","startday":"2022-06-11","season":"2022","title":"2022 Champions Series, June","eoo":"2022-01-01 12:01:00","ec":"2022-06-06 11:59:00","sanction":"Anthony Carlson","status":"On","jfig":""},{"pevid":"612","city":"Sandstone","state":"MN","startday":"2022-07-16","season":"2022","title":"2022 Champions Series, July","eoo":"2022-01-01 12:01:00","ec":"2022-07-11 11:59:00","sanction":"Anthony Carlson","status":"On","jfig":""},{"pevid":"613","city":"Long Prairie","state":"MN","startday":"2022-08-20","season":"2022","title":"2022 Champions Series, Aug","eoo":"2022-01-01 12:01:00","ec":"2022-08-15 11:59:00","sanction":"Anthony Carlson","status":"On","jfig":""},{"pevid":"614","city":"Sandstone","state":"MN","startday":"2022-09-17","season":"2022","title":"2022 Champions Series, Finals","eoo":"2022-01-01 12:01:00","ec":"2022-09-12 11:59:00","sanction":"Anthony Carlson","status":"On","jfig":""},{"pevid":"620","city":"Vinita","state":"OK","startday":"2022-05-07","season":"2022","title":"Evolution Bull Competitions","eoo":"2022-04-25 09:00:00","ec":"2022-05-02 19:00:00","sanction":"EBC","status":"On","jfig":""},{"pevid":"621","city":"Vinita","state":"OK","startday":"2022-06-25","season":"2022","title":"Evolution Bull Competitions","eoo":"2022-06-13 09:00:00","ec":"2022-06-20 19:00:00","sanction":"EBC","status":"On","jfig":""},{"pevid":"622","city":"Vinita","state":"OK","startday":"2022-07-30","season":"2022","title":"Evolution Bull Competitions","eoo":"2022-07-18 09:00:00","ec":"2022-07-25 19:00:00","sanction":"EBC","status":"On","jfig":""},{"pevid":"623","city":"Vinita","state":"OK","startday":"2022-08-13","season":"2022","title":"Evolution Bull Competitions","eoo":"2022-08-01 09:00:00","ec":"2022-08-08 19:00:00","sanction":"EBC","status":"On","jfig":""},{"pevid":"624","city":"Duncan","state":"OK","startday":"2022-09-10","season":"2022","title":"EBC Year End Finale","eoo":"2022-08-22 09:00:00","ec":"2022-09-02 19:00:00","sanction":"EBC","status":"On","jfig":""},{"pevid":"625","city":"Ft Lupton","state":"CO","startday":"2022-09-03","season":"2022","title":"TR Cattle\u2019s Oil Patch Bull Bash","eoo":"2022-09-20 12:00:00","ec":"2022-09-27 12:00:00","sanction":"BULLc","status":"On","jfig":""},{"pevid":"626","city":"Ft Lupton","state":"CO","startday":"2022-09-04","season":"2022","title":"TR Cattle\u2019s Oil Patch Bull Bash","eoo":"2022-09-20 12:00:00","ec":"2022-09-27 12:00:00","sanction":"BULLc","status":"On","jfig":""},{"pevid":"630","city":"Las Vegas","state":"NV","startday":"2022-01-10","season":"2022","title":"Maiden Yearling Slot Reservations","eoo":"2022-01-10 10:00:00","ec":"2022-01-10 10:01:01","sanction":"ABBI","status":"On","jfig":""},{"pevid":"638","city":"Abilene","state":"TX","startday":"2022-02-14","season":"2022","title":"2022 Futurity Series Slot Reservations 1","eoo":"2022-01-14 00:00:00","ec":"2022-02-08 02:00:00","sanction":"ABBI","status":"On","jfig":""},{"pevid":"647","city":"Fort Worth","state":"TX","startday":"2022-05-13","season":"2022","title":"UTB Classic at PBR World Finals","eoo":"2022-04-25 00:00:00","ec":"2022-05-02 23:59:59","sanction":"ABBI","status":"On","jfig":""},{"pevid":"648","city":"Fort Worth","state":"TX","startday":"2022-05-15","season":"2022","title":"ABBI Derby at Will Rogers Coliseum","eoo":"2022-04-25 00:00:00","ec":"2022-05-02 23:59:59","sanction":"ABBI","status":"On","jfig":""},{"pevid":"649","city":"Fort Worth","state":"TX","startday":"2022-05-20","season":"2022","title":"ABBI at Fort Worth $50K Added","eoo":"2022-04-25 00:00:00","ec":"2022-05-16 18:00:00","sanction":"ABBI","status":"On","jfig":""},{"pevid":"650","city":"Caldwell","state":"ID","startday":"2022-06-04","season":"2022","title":"ABBI at Caldwell","eoo":"2022-05-16 00:00:00","ec":"2022-05-23 23:59:59","sanction":"ABBI","status":"On","jfig":""},{"pevid":"655","city":"Lawton","state":"OK","startday":"2022-04-02","season":"2022","title":"ABBI\/PRCA Xtreme Bull Riding Team Futurity","eoo":"2022-03-21 00:00:00","ec":"2022-03-28 23:59:59","sanction":"ABBI","status":"Cancelled","jfig":""},{"pevid":"660","city":"Lane","state":"OK","startday":"2022-04-30","season":"2022","title":"Tulsa Time Invitational (Women's only)","eoo":"2022-04-30 00:00:00","ec":"2022-04-30 23:59:59","sanction":"Cord McCoy","status":"On","jfig":""},{"pevid":"661","city":"Kendallville","state":"IN","startday":"2022-05-07","season":"2022","title":"Yearling\/Futurity\/Women's\/Junior","eoo":"2022-05-01 00:00:00","ec":"2022-05-07 23:59:59","sanction":"Sandy Connell","status":"On","jfig":""},{"pevid":"662","city":"Erick","state":"OK","startday":"2022-06-01","season":"2022","title":"Erick, OK Derby","eoo":"2022-06-01 00:00:00","ec":"2022-06-01 23:59:59","sanction":"Chad Drury","status":"On","jfig":""},{"pevid":"663","city":"Merced","state":"CA","startday":"2022-06-03","season":"2022","title":"Yearling\/Jr\/Cowgirl\/Open\/Derby Dummy\/Derby Rider(BYOB)\/Classic(BYOB)","eoo":"2022-05-20 00:00:00","ec":"2022-05-28 23:59:59","sanction":"Big Dream Bucki","status":"On","jfig":""},{"pevid":"664","city":"Kendallville","state":"IN","startday":"2022-06-04","season":"2022","title":"Yearling\/Futurity\/Women's\/Junior","eoo":"2022-05-29 00:00:00","ec":"2022-06-04 23:59:59","sanction":"Sandy Connell","status":"On","jfig":""},{"pevid":"665","city":"Strathmore","state":"AB","startday":"2022-06-08","season":"2022","title":"June Strathmore, AB","eoo":"2022-06-01 00:00:00","ec":"2022-06-08 23:59:59","sanction":"Colin Forester","status":"On","jfig":""},{"pevid":"666","city":"Duncan","state":"OK","startday":"2022-06-10","season":"2022","title":"2022 American Heritage South","eoo":"2022-05-23 00:00:00","ec":"2022-05-30 23:59:59","sanction":"ABBI","status":"On","jfig":""},{"pevid":"667","city":"Erick","state":"OK","startday":"2022-06-15","season":"2022","title":"Erick, OK Classic","eoo":"2022-06-15 00:00:00","ec":"2022-06-15 23:59:59","sanction":"Chad Drury","status":"On","jfig":""},{"pevid":"668","city":"Mt. Orab","state":"OH","startday":"2022-06-17","season":"2022","title":"June 17-18: Yearling\/Futurity\/Junior\/Women","eoo":"2022-06-10 00:00:00","ec":"2022-06-17 23:59:59","sanction":"K Bar C","status":"On","jfig":""},{"pevid":"669","city":"Altura","state":"CA","startday":"2022-07-02","season":"2022","title":"Yearling\/Jr\/Cowgirl\/Open\/Derby Dummy\/Derby Rider(BYOB)\/Classic(BYOB)","eoo":"2022-06-06 00:00:00","ec":"2022-06-24 23:59:59","sanction":"Big Dream Bucki","status":"On","jfig":""},{"pevid":"670","city":"Lloydminster","state":"AB","startday":"2022-07-03","season":"2022","title":"Black Coulee Buck Out: Open\/Lim\/80 Slide\/Women\u2019s\/Yearling","eoo":"2022-06-27 00:00:00","ec":"2022-07-03 23:59:59","sanction":"James Foley","status":"On","jfig":""},{"pevid":"672","city":"Archdale","state":"NC","startday":"2022-06-04","season":"2022","title":"Jerome Davis Yearling\/3D Futurity\/Women's\/Junior\/Derby Dummy","eoo":"2022-05-30 00:00:00","ec":"2022-05-30 23:59:59","sanction":"JD","status":"On","jfig":""},{"pevid":"675","city":"West Sunbury","state":"PA","startday":"2022-04-16","season":"2022","title":"Futurity\/Yearling\/Cowgirl\/Junior","eoo":"2022-04-04 09:00:00","ec":"2022-04-10 17:00:00","sanction":"Kevin Shamblin","status":"On","jfig":""},{"pevid":"676","city":"Newton Falls","state":"OH","startday":"2022-05-21","season":"2022","title":"Futurity\/Yearling\/Cowgirl\/Junior","eoo":"2022-05-09 09:00:00","ec":"2022-05-15 17:00:00","sanction":"Shamblin - NFG","status":"On","jfig":""},{"pevid":"677","city":"Fredonia","state":"PA","startday":"2022-06-11","season":"2022","title":"Futurity\/Yearling\/Cowgirl\/Junior","eoo":"2022-05-30 09:00:00","ec":"2022-06-05 17:00:00","sanction":"Shamblin - NFG","status":"On","jfig":""},{"pevid":"678","city":"Newton Falls","state":"OH","startday":"2022-07-30","season":"2022","title":"Futurity\/Yearling\/Cowgirl\/Junior","eoo":"2022-07-18 09:00:00","ec":"2022-07-24 17:00:00","sanction":"Shamblin - NFG","status":"On","jfig":""},{"pevid":"679","city":"Mt. Orab","state":"OH","startday":"2022-08-26","season":"2022","title":"Aug 26-27: Yearling\/Futurity\/Junior\/Women","eoo":"2022-08-15 09:00:00","ec":"2022-08-21 17:00:00","sanction":"Shamblin - NFG","status":"On","jfig":""},{"pevid":"680","city":"Fredonia","state":"PA","startday":"2022-09-24","season":"2022","title":"Futurity\/Yearling\/Cowgirl\/Junior","eoo":"2022-09-12 09:00:00","ec":"2022-09-18 17:00:00","sanction":"Shamblin - NFG","status":"On","jfig":""},{"pevid":"684","city":"Erick","state":"OK","startday":"2022-07-13","season":"2022","title":"Erick, OK Derby","eoo":"2022-07-13 00:00:00","ec":"2022-07-13 23:59:59","sanction":"Chad Drury","status":"On","jfig":""},{"pevid":"685","city":"Erick","state":"OK","startday":"2022-07-20","season":"2022","title":"Erick, OK Classic","eoo":"2022-07-20 00:00:00","ec":"2022-07-20 23:59:59","sanction":"Chad Drury","status":"On","jfig":""},{"pevid":"686","city":"Mt. Orab","state":"OH","startday":"2022-07-22","season":"2022","title":"July 22-23: Yearling\/Futurity\/Youth\/Women","eoo":"2022-07-15 00:00:00","ec":"2022-07-22 23:59:59","sanction":"K Bar C","status":"On","jfig":""},{"pevid":"687","city":"Merced","state":"CA","startday":"2022-08-05","season":"2022","title":"Yearling\/Jr\/Cowgirl\/Open\/Derby Dummy\/Derby Rider(BYOB)\/Classic(BYOB)","eoo":"2022-07-08 00:00:00","ec":"2022-07-29 23:59:59","sanction":"Big Dream Bucki","status":"On","jfig":""},{"pevid":"688","city":"Woodstown","state":"NJ","startday":"2022-08-05","season":"2022","title":"Aug 5 & 6 $100,000 Added PBR Super Classic","eoo":"2022-07-18 00:00:00","ec":"2022-07-25 23:59:59","sanction":"ABBI","status":"On","jfig":""},{"pevid":"689","city":"Kendallville","state":"IN","startday":"2022-08-13","season":"2022","title":"Yearling\/Futurity\/Women's\/Junior","eoo":"2022-08-07 00:00:00","ec":"2022-08-13 23:59:59","sanction":"Sandy Connell","status":"On","jfig":""},{"pevid":"690","city":"Erick","state":"OK","startday":"2022-08-17","season":"2022","title":"Erick, OK Derby","eoo":"2022-08-17 00:00:00","ec":"2022-08-17 23:59:59","sanction":"Chad Drury","status":"On","jfig":""},{"pevid":"691","city":"Erick","state":"OK","startday":"2022-08-23","season":"2022","title":"Erick, OK Classic","eoo":"2022-08-23 00:00:00","ec":"2022-08-23 23:59:59","sanction":"Chad Drury","status":"On","jfig":""},{"pevid":"692","city":"Winnemucca","state":"NV","startday":"2022-09-03","season":"2022","title":"Yearling\/Junior\/Cowgirl\/Open\/Derby Dummy\/Derby Rider(BYOB)\/Classic(BYO","eoo":"2022-08-07 00:00:00","ec":"2022-08-26 23:59:59","sanction":"Big Dream Bucki","status":"On","jfig":""},{"pevid":"693","city":"Bakersfield","state":"CA","startday":"2022-09-03","season":"2022","title":"Yearling\/Futurity\/Derby","eoo":"2022-08-20 00:00:00","ec":"2022-08-27 23:59:59","sanction":"Fernandez Ranch","status":"On","jfig":""},{"pevid":"694","city":"Kendallville","state":"IN","startday":"2022-09-10","season":"2022","title":"Yearling\/Futurity\/Women's\/Junior","eoo":"2022-09-03 00:00:00","ec":"2022-09-10 23:59:59","sanction":"Sandy Connell","status":"On","jfig":""},{"pevid":"695","city":"Lloydminster","state":"AB","startday":"2022-09-10","season":"2022","title":"September Lloydminster Event","eoo":"2022-09-03 00:00:00","ec":"2022-09-10 23:59:59","sanction":"James Foley","status":"On","jfig":""},{"pevid":"696","city":"Mt. Orab","state":"OH","startday":"2022-09-16","season":"2022","title":"Sept 16-17: Yearling\/Futurity\/Junior\/Women","eoo":"2022-09-09 00:00:00","ec":"2022-09-16 23:59:59","sanction":"K Bar C","status":"On","jfig":""},{"pevid":"697","city":"Kendallville","state":"IN","startday":"2022-10-08","season":"2022","title":"Yearling\/Futurity\/Women's\/Junior","eoo":"2022-10-01 00:00:00","ec":"2022-10-08 23:59:59","sanction":"Sandy Connell","status":"On","jfig":""},{"pevid":"698","city":"Merced","state":"CA","startday":"2022-10-08","season":"2022","title":"Yearling\/Jr\/Cowgirl\/Open\/Derby Dummy\/Derby Rider(BYOB)\/Classic(BYOB)","eoo":"2022-09-05 00:00:00","ec":"2022-09-23 23:59:59","sanction":"Big Dream Bucki","status":"On","jfig":""},{"pevid":"699","city":"Kendallville","state":"IN","startday":"2022-11-05","season":"2022","title":"Yearling\/Futurity\/Women's\/Junior","eoo":"2022-10-30 00:00:00","ec":"2022-11-05 23:59:59","sanction":"Sandy Connell","status":"On","jfig":""},{"pevid":"703","city":"Amarillo","state":"TX","startday":"2022-08-26","season":"2022","title":"ABBI at Amarillo","eoo":"2022-08-08 00:00:00","ec":"2022-08-15 23:59:59","sanction":"ABBI","status":"On","jfig":""},{"pevid":"704","city":"Texarkana","state":"TX","startday":"2022-09-23","season":"2022","title":"ABBI at Texarkana","eoo":"2022-09-05 00:00:00","ec":"2022-09-12 23:59:59","sanction":"ABBI","status":"On","jfig":""},{"pevid":"705","city":"Bennett","state":"CO","startday":"2022-06-11","season":"2022","title":"","eoo":"2022-05-28 12:00:00","ec":"2022-06-05 12:00:00","sanction":"BULLc","status":"On","jfig":""},{"pevid":"706","city":"Brush","state":"CO","startday":"2022-07-30","season":"2022","title":"","eoo":"2022-07-16 12:00:00","ec":"2022-07-24 12:00:00","sanction":"BULLc","status":"On","jfig":""},{"pevid":"707","city":"Keenesburg","state":"CO","startday":"2022-06-25","season":"2022","title":"","eoo":"2022-06-11 12:00:00","ec":"2022-06-19 12:00:00","sanction":"BULLc","status":"On","jfig":""},{"pevid":"708","city":"Nunn","state":"CO","startday":"2022-07-09","season":"2022","title":"","eoo":"2022-06-25 12:00:00","ec":"2022-07-03 12:00:00","sanction":"BULLc","status":"On","jfig":""},{"pevid":"709","city":"Sterling","state":"CO","startday":"2022-10-01","season":"2022","title":"Buckers Unlimited Finals","eoo":"2022-08-07 12:00:00","ec":"2022-08-14 12:00:00","sanction":"BULLc","status":"On","jfig":""},{"pevid":"710","city":"Fort Worth","state":"TX","startday":"2022-05-13","season":"2022","title":"2022 Fut. Series Slot Payment 2","eoo":"2022-04-18 00:00:00","ec":"2022-04-18 00:02:00","sanction":"ABBI","status":"On","jfig":""},{"pevid":"713","city":"Showlow","state":"AZ","startday":"2022-05-07","season":"2022","title":"King of the Mountain","eoo":"2022-05-01 00:00:00","ec":"2022-05-01 00:00:01","sanction":"Open","status":"On","jfig":""},{"pevid":"714","city":"Colome","state":"SD","startday":"2022-04-30","season":"2022","title":"April Colome Event","eoo":"2022-04-25 00:00:00","ec":"2022-04-25 23:59:59","sanction":"MBBA","status":"On","jfig":""},{"pevid":"715","city":"Fort Worth","state":"TX","startday":"2022-06-12","season":"2022","title":"ABBI at Cowtown Coliseum","eoo":"2022-05-30 00:00:00","ec":"2022-06-06 23:59:59","sanction":"ABBI","status":"On","jfig":""},{"pevid":"716","city":"Show Low","state":"AZ","startday":"2022-05-28","season":"2022","title":"King of the Mountain 2","eoo":"2022-05-10 08:00:00","ec":"2022-05-26 21:00:00","sanction":"Open","status":"On","jfig":""}]