[{"rowid":"54037","bbcid":"3978","entid":"38356","evid":"2706","pevid":"647","fees":"1560.00","perfpref":"35","perf":"0","go":"0","draw":"9999","draw_grp":"0"},{"rowid":"54057","bbcid":"8344","entid":"38376","evid":"2706","pevid":"647","fees":"1560.00","perfpref":"27","perf":"0","go":"0","draw":"9999","draw_grp":"0"},{"rowid":"54058","bbcid":"4055","entid":"38377","evid":"2706","pevid":"647","fees":"1560.00","perfpref":"32","perf":"0","go":"0","draw":"9999","draw_grp":"0"},{"rowid":"54061","bbcid":"7810","entid":"38380","evid":"2706","pevid":"647","fees":"1560.00","perfpref":"14","perf":"0","go":"0","draw":"9999","draw_grp":"0"},{"rowid":"54062","bbcid":"4866","entid":"38381","evid":"2706","pevid":"647","fees":"1560.00","perfpref":"25","perf":"0","go":"0","draw":"9999","draw_grp":"0"},{"rowid":"54063","bbcid":"4904","entid":"38382","evid":"2706","pevid":"647","fees":"1560.00","perfpref":"26","perf":"0","go":"0","draw":"9999","draw_grp":"0"},{"rowid":"54111","bbcid":"4501","entid":"38426","evid":"2706","pevid":"647","fees":"1560.00","perfpref":"28","perf":"0","go":"0","draw":"9999","draw_grp":"0"},{"rowid":"54114","bbcid":"4540","entid":"38429","evid":"2706","pevid":"647","fees":"1560.00","perfpref":"13","perf":"0","go":"0","draw":"9999","draw_grp":"0"},{"rowid":"54130","bbcid":"5095","entid":"38445","evid":"2706","pevid":"647","fees":"1560.00","perfpref":"7","perf":"0","go":"0","draw":"9999","draw_grp":"0"},{"rowid":"54138","bbcid":"8224","entid":"38453","evid":"2706","pevid":"647","fees":"1560.00","perfpref":"19","perf":"0","go":"0","draw":"9999","draw_grp":"0"},{"rowid":"54139","bbcid":"6778","entid":"38454","evid":"2706","pevid":"647","fees":"1560.00","perfpref":"20","perf":"0","go":"0","draw":"9999","draw_grp":"0"},{"rowid":"54176","bbcid":"4169","entid":"38464","evid":"2706","pevid":"647","fees":"1560.00","perfpref":"15","perf":"0","go":"0","draw":"9999","draw_grp":"0"},{"rowid":"54192","bbcid":"4044","entid":"38480","evid":"2706","pevid":"647","fees":"1560.00","perfpref":"21","perf":"0","go":"0","draw":"9999","draw_grp":"0"},{"rowid":"54464","bbcid":"8206","entid":"38664","evid":"2706","pevid":"647","fees":"1560.00","perfpref":"36","perf":"0","go":"0","draw":"9999","draw_grp":"0"},{"rowid":"54479","bbcid":"7381","entid":"38674","evid":"2706","pevid":"647","fees":"1560.00","perfpref":"34","perf":"0","go":"0","draw":"9999","draw_grp":"0"},{"rowid":"54480","bbcid":"4151","entid":"38675","evid":"2706","pevid":"647","fees":"1560.00","perfpref":"6","perf":"0","go":"0","draw":"9999","draw_grp":"0"},{"rowid":"54481","bbcid":"4454","entid":"38676","evid":"2706","pevid":"647","fees":"1560.00","perfpref":"12","perf":"0","go":"0","draw":"9999","draw_grp":"0"},{"rowid":"54492","bbcid":"7742","entid":"38683","evid":"2706","pevid":"647","fees":"1560.00","perfpref":"4","perf":"0","go":"0","draw":"9999","draw_grp":"0"},{"rowid":"54507","bbcid":"4585","entid":"38691","evid":"2706","pevid":"647","fees":"1560.00","perfpref":"33","perf":"0","go":"0","draw":"9999","draw_grp":"0"},{"rowid":"54508","bbcid":"8418","entid":"38692","evid":"2706","pevid":"647","fees":"1560.00","perfpref":"18","perf":"0","go":"0","draw":"9999","draw_grp":"0"},{"rowid":"54538","bbcid":"6632","entid":"38717","evid":"2706","pevid":"647","fees":"1560.00","perfpref":"11","perf":"0","go":"0","draw":"9999","draw_grp":"0"},{"rowid":"54539","bbcid":"8232","entid":"38718","evid":"2706","pevid":"647","fees":"1560.00","perfpref":"31","perf":"0","go":"0","draw":"9999","draw_grp":"0"},{"rowid":"54540","bbcid":"4192","entid":"38719","evid":"2706","pevid":"647","fees":"1560.00","perfpref":"38","perf":"0","go":"0","draw":"9999","draw_grp":"0"},{"rowid":"54541","bbcid":"5799","entid":"38720","evid":"2706","pevid":"647","fees":"1560.00","perfpref":"17","perf":"0","go":"0","draw":"9999","draw_grp":"0"},{"rowid":"54542","bbcid":"4194","entid":"38721","evid":"2706","pevid":"647","fees":"1560.00","perfpref":"3","perf":"0","go":"0","draw":"9999","draw_grp":"0"},{"rowid":"54543","bbcid":"6630","entid":"38722","evid":"2706","pevid":"647","fees":"1560.00","perfpref":"1","perf":"0","go":"0","draw":"9999","draw_grp":"0"},{"rowid":"54545","bbcid":"6287","entid":"38724","evid":"2706","pevid":"647","fees":"1560.00","perfpref":"37","perf":"0","go":"0","draw":"9999","draw_grp":"0"},{"rowid":"54548","bbcid":"4190","entid":"38727","evid":"2706","pevid":"647","fees":"1560.00","perfpref":"2","perf":"0","go":"0","draw":"9999","draw_grp":"0"},{"rowid":"54556","bbcid":"8545","entid":"38733","evid":"2706","pevid":"647","fees":"1560.00","perfpref":"16","perf":"0","go":"0","draw":"9999","draw_grp":"0"},{"rowid":"54557","bbcid":"7181","entid":"38734","evid":"2706","pevid":"647","fees":"1560.00","perfpref":"29","perf":"0","go":"0","draw":"9999","draw_grp":"0"},{"rowid":"54563","bbcid":"4625","entid":"38737","evid":"2706","pevid":"647","fees":"1560.00","perfpref":"8","perf":"0","go":"0","draw":"9999","draw_grp":"0"},{"rowid":"54564","bbcid":"5570","entid":"38738","evid":"2706","pevid":"647","fees":"1560.00","perfpref":"24","perf":"0","go":"0","draw":"9999","draw_grp":"0"},{"rowid":"54603","bbcid":"4171","entid":"38773","evid":"2706","pevid":"647","fees":"1560.00","perfpref":"9","perf":"0","go":"0","draw":"9999","draw_grp":"0"},{"rowid":"54619","bbcid":"5344","entid":"38786","evid":"2706","pevid":"647","fees":"1560.00","perfpref":"22","perf":"0","go":"0","draw":"9999","draw_grp":"0"},{"rowid":"54629","bbcid":"8239","entid":"38796","evid":"2706","pevid":"647","fees":"1560.00","perfpref":"5","perf":"0","go":"0","draw":"9999","draw_grp":"0"},{"rowid":"54708","bbcid":"6537","entid":"38865","evid":"2706","pevid":"647","fees":"1560.00","perfpref":"23","perf":"0","go":"0","draw":"9999","draw_grp":"0"},{"rowid":"54754","bbcid":"5114","entid":"38906","evid":"2706","pevid":"647","fees":"1560.00","perfpref":"30","perf":"0","go":"0","draw":"9999","draw_grp":"0"},{"rowid":"54756","bbcid":"4630","entid":"38908","evid":"2706","pevid":"647","fees":"1560.00","perfpref":"10","perf":"0","go":"0","draw":"9999","draw_grp":"0"},{"rowid":"54979","bbcid":"4501","entid":"39111","evid":"2869","pevid":"647","fees":"0.00","perfpref":"1","perf":"0","go":"0","draw":"9999","draw_grp":"0"},{"rowid":"54981","bbcid":"4540","entid":"39113","evid":"2869","pevid":"647","fees":"0.00","perfpref":"32","perf":"0","go":"0","draw":"9999","draw_grp":"0"},{"rowid":"54982","bbcid":"5095","entid":"39114","evid":"2869","pevid":"647","fees":"0.00","perfpref":"28","perf":"0","go":"0","draw":"9999","draw_grp":"0"},{"rowid":"54983","bbcid":"6778","entid":"39115","evid":"2869","pevid":"647","fees":"0.00","perfpref":"38","perf":"0","go":"0","draw":"9999","draw_grp":"0"},{"rowid":"54984","bbcid":"8224","entid":"39116","evid":"2869","pevid":"647","fees":"0.00","perfpref":"4","perf":"0","go":"0","draw":"9999","draw_grp":"0"},{"rowid":"54985","bbcid":"4044","entid":"39117","evid":"2869","pevid":"647","fees":"0.00","perfpref":"19","perf":"0","go":"0","draw":"9999","draw_grp":"0"},{"rowid":"54986","bbcid":"4866","entid":"39118","evid":"2869","pevid":"647","fees":"0.00","perfpref":"22","perf":"0","go":"0","draw":"9999","draw_grp":"0"},{"rowid":"54988","bbcid":"8206","entid":"39120","evid":"2869","pevid":"647","fees":"0.00","perfpref":"6","perf":"0","go":"0","draw":"9999","draw_grp":"0"},{"rowid":"54989","bbcid":"4151","entid":"39121","evid":"2869","pevid":"647","fees":"0.00","perfpref":"26","perf":"0","go":"0","draw":"9999","draw_grp":"0"},{"rowid":"54990","bbcid":"4454","entid":"39122","evid":"2869","pevid":"647","fees":"0.00","perfpref":"29","perf":"0","go":"0","draw":"9999","draw_grp":"0"},{"rowid":"54991","bbcid":"7742","entid":"39123","evid":"2869","pevid":"647","fees":"0.00","perfpref":"35","perf":"0","go":"0","draw":"9999","draw_grp":"0"},{"rowid":"54992","bbcid":"4585","entid":"39124","evid":"2869","pevid":"647","fees":"0.00","perfpref":"13","perf":"0","go":"0","draw":"9999","draw_grp":"0"},{"rowid":"54993","bbcid":"7381","entid":"39125","evid":"2869","pevid":"647","fees":"0.00","perfpref":"14","perf":"0","go":"0","draw":"9999","draw_grp":"0"},{"rowid":"54994","bbcid":"6632","entid":"39126","evid":"2869","pevid":"647","fees":"0.00","perfpref":"21","perf":"0","go":"0","draw":"9999","draw_grp":"0"},{"rowid":"54995","bbcid":"8232","entid":"39127","evid":"2869","pevid":"647","fees":"0.00","perfpref":"16","perf":"0","go":"0","draw":"9999","draw_grp":"0"},{"rowid":"54996","bbcid":"8545","entid":"39128","evid":"2869","pevid":"647","fees":"0.00","perfpref":"23","perf":"0","go":"0","draw":"9999","draw_grp":"0"},{"rowid":"54997","bbcid":"7181","entid":"39129","evid":"2869","pevid":"647","fees":"0.00","perfpref":"15","perf":"0","go":"0","draw":"9999","draw_grp":"0"},{"rowid":"54998","bbcid":"8418","entid":"39130","evid":"2869","pevid":"647","fees":"0.00","perfpref":"37","perf":"0","go":"0","draw":"9999","draw_grp":"0"},{"rowid":"54999","bbcid":"5570","entid":"39131","evid":"2869","pevid":"647","fees":"0.00","perfpref":"7","perf":"0","go":"0","draw":"9999","draw_grp":"0"},{"rowid":"55000","bbcid":"4625","entid":"39132","evid":"2869","pevid":"647","fees":"0.00","perfpref":"2","perf":"0","go":"0","draw":"9999","draw_grp":"0"},{"rowid":"55001","bbcid":"5799","entid":"39133","evid":"2869","pevid":"647","fees":"0.00","perfpref":"10","perf":"0","go":"0","draw":"9999","draw_grp":"0"},{"rowid":"55002","bbcid":"6630","entid":"39134","evid":"2869","pevid":"647","fees":"0.00","perfpref":"24","perf":"0","go":"0","draw":"9999","draw_grp":"0"},{"rowid":"55003","bbcid":"6287","entid":"39135","evid":"2869","pevid":"647","fees":"0.00","perfpref":"12","perf":"0","go":"0","draw":"9999","draw_grp":"0"},{"rowid":"55004","bbcid":"4190","entid":"39136","evid":"2869","pevid":"647","fees":"0.00","perfpref":"9","perf":"0","go":"0","draw":"9999","draw_grp":"0"},{"rowid":"55005","bbcid":"4171","entid":"39137","evid":"2869","pevid":"647","fees":"0.00","perfpref":"34","perf":"0","go":"0","draw":"9999","draw_grp":"0"},{"rowid":"55006","bbcid":"5344","entid":"39138","evid":"2869","pevid":"647","fees":"0.00","perfpref":"18","perf":"0","go":"0","draw":"9999","draw_grp":"0"},{"rowid":"55007","bbcid":"5114","entid":"39139","evid":"2869","pevid":"647","fees":"0.00","perfpref":"33","perf":"0","go":"0","draw":"9999","draw_grp":"0"},{"rowid":"55008","bbcid":"4630","entid":"39140","evid":"2869","pevid":"647","fees":"0.00","perfpref":"31","perf":"0","go":"0","draw":"9999","draw_grp":"0"},{"rowid":"55009","bbcid":"6537","entid":"39141","evid":"2869","pevid":"647","fees":"0.00","perfpref":"36","perf":"0","go":"0","draw":"9999","draw_grp":"0"},{"rowid":"55011","bbcid":"4055","entid":"39143","evid":"2869","pevid":"647","fees":"0.00","perfpref":"5","perf":"0","go":"0","draw":"9999","draw_grp":"0"},{"rowid":"55012","bbcid":"8344","entid":"39144","evid":"2869","pevid":"647","fees":"0.00","perfpref":"3","perf":"0","go":"0","draw":"9999","draw_grp":"0"},{"rowid":"55013","bbcid":"7810","entid":"39145","evid":"2869","pevid":"647","fees":"0.00","perfpref":"20","perf":"0","go":"0","draw":"9999","draw_grp":"0"},{"rowid":"55014","bbcid":"8239","entid":"39146","evid":"2869","pevid":"647","fees":"0.00","perfpref":"27","perf":"0","go":"0","draw":"9999","draw_grp":"0"},{"rowid":"55015","bbcid":"3978","entid":"39147","evid":"2869","pevid":"647","fees":"0.00","perfpref":"30","perf":"0","go":"0","draw":"9999","draw_grp":"0"},{"rowid":"55016","bbcid":"4192","entid":"39148","evid":"2869","pevid":"647","fees":"0.00","perfpref":"8","perf":"0","go":"0","draw":"9999","draw_grp":"0"},{"rowid":"55017","bbcid":"4169","entid":"39149","evid":"2869","pevid":"647","fees":"0.00","perfpref":"25","perf":"0","go":"0","draw":"9999","draw_grp":"0"},{"rowid":"55018","bbcid":"4194","entid":"39150","evid":"2869","pevid":"647","fees":"0.00","perfpref":"11","perf":"0","go":"0","draw":"9999","draw_grp":"0"},{"rowid":"55019","bbcid":"4904","entid":"39151","evid":"2869","pevid":"647","fees":"0.00","perfpref":"17","perf":"0","go":"0","draw":"9999","draw_grp":"0"}]