[{"outid":"1","pevid":"647","entid":"38722","regno":"10217887","pbid":"0","bbcid":"6630","bno":"47F","bname":"Charmer","owner":"D&H Cattle \/ Buck Cattle","del":"L","j1":"8.00","j2":"18.00","j3":"20.20","j4":"20.30","j5":"19.00","j6":"0.00","bot":"0.00","raw_score":"68.40","dropped_judge":"j1","dropped_score":"8.00","spread":"12.30","score":"77.50","imp_score":"0.00","handi_score":"77.50"},{"outid":"2","pevid":"647","entid":"38727","regno":"10219279","pbid":"0","bbcid":"4190","bno":"F42","bname":"Big Wave ","owner":"Lone Star \/ Outlaw \/ Maynes \/ D&H Cattle","del":"L","j1":"21.70","j2":"22.00","j3":"21.70","j4":"21.80","j5":"21.90","j6":"0.00","bot":"0.00","raw_score":"87.28","dropped_judge":"none","dropped_score":"0.00","spread":"0.30","score":"87.28","imp_score":"0.00","handi_score":"87.28"},{"outid":"3","pevid":"647","entid":"38721","regno":"10219338","pbid":"0","bbcid":"4194","bno":"F20","bname":"Alakazam","owner":"Julian Cattle & Staci Addison \/ Buck Cattle \/ D&H Cattle","del":"R","j1":"22.00","j2":"22.30","j3":"22.30","j4":"22.10","j5":"22.00","j6":"0.00","bot":"0.00","raw_score":"88.56","dropped_judge":"none","dropped_score":"0.00","spread":"0.30","score":"88.56","imp_score":"0.00","handi_score":"88.56"},{"outid":"4","pevid":"647","entid":"38796","regno":"10239151","pbid":"0","bbcid":"8239","bno":"805","bname":"Train Station ","owner":"Stockyards Pro Rodeo\/Winston\/Melton Bull Co","del":"L","j1":"21.40","j2":"22.00","j3":"22.30","j4":"21.50","j5":"21.70","j6":"0.00","bot":"0.00","raw_score":"87.12","dropped_judge":"none","dropped_score":"0.00","spread":"0.90","score":"87.12","imp_score":"0.00","handi_score":"87.12"},{"outid":"5","pevid":"647","entid":"38675","regno":"10219642","pbid":"0","bbcid":"4151","bno":"8042","bname":"Skittles","owner":"Fire S Cattle ","del":"L","j1":"20.70","j2":"21.00","j3":"20.70","j4":"21.00","j5":"21.40","j6":"0.00","bot":"0.00","raw_score":"83.84","dropped_judge":"none","dropped_score":"0.00","spread":"0.70","score":"83.84","imp_score":"0.00","handi_score":"83.84"},{"outid":"6","pevid":"647","entid":"38683","regno":"10224163","pbid":"0","bbcid":"7742","bno":"881","bname":"Game Over","owner":"Cooper \/ Scruggs \/ Bishop","del":"R","j1":"20.90","j2":"21.30","j3":"20.80","j4":"21.40","j5":"21.50","j6":"0.00","bot":"0.00","raw_score":"84.72","dropped_judge":"none","dropped_score":"0.00","spread":"0.70","score":"84.72","imp_score":"0.00","handi_score":"84.72"},{"outid":"7","pevid":"647","entid":"38445","regno":"10222050","pbid":"0","bbcid":"5095","bno":"808","bname":"Miller Time","owner":"A&E Bucking Bulls \/ BS Cattle Co","del":"R","j1":"21.50","j2":"21.80","j3":"21.20","j4":"21.20","j5":"21.40","j6":"0.00","bot":"0.00","raw_score":"85.68","dropped_judge":"none","dropped_score":"0.00","spread":"0.60","score":"85.68","imp_score":"0.00","handi_score":"85.68"},{"outid":"8","pevid":"647","entid":"38737","regno":"10228662","pbid":"0","bbcid":"4625","bno":"R83","bname":"War Department","owner":"Rockin T Ranch","del":"R","j1":"21.90","j2":"22.10","j3":"22.10","j4":"22.80","j5":"22.60","j6":"0.00","bot":"0.00","raw_score":"89.20","dropped_judge":"none","dropped_score":"0.00","spread":"0.90","score":"89.20","imp_score":"0.00","handi_score":"89.20"},{"outid":"9","pevid":"647","entid":"38773","regno":"10217834","pbid":"0","bbcid":"4171","bno":"861F","bname":"Short Circuit","owner":"McWhorter \/ D&H Cattle ","del":"L","j1":"21.50","j2":"21.50","j3":"21.80","j4":"21.60","j5":"21.70","j6":"0.00","bot":"0.00","raw_score":"86.48","dropped_judge":"none","dropped_score":"0.00","spread":"0.30","score":"86.48","imp_score":"0.00","handi_score":"86.48"},{"outid":"10","pevid":"647","entid":"38676","regno":"10220038","pbid":"0","bbcid":"4454","bno":"8121","bname":"Heart & Soul","owner":"Just For Kicks \/ DD Bucking Bulls","del":"R","j1":"19.50","j2":"20.10","j3":"18.70","j4":"21.30","j5":"21.00","j6":"0.00","bot":"0.00","raw_score":"80.48","dropped_judge":"none","dropped_score":"0.00","spread":"2.60","score":"80.48","imp_score":"0.00","handi_score":"80.48"},{"outid":"11","pevid":"647","entid":"38717","regno":"10250131","pbid":"0","bbcid":"6632","bno":"23 ","bname":"Cowboy Cool","owner":"Pate \/ D&H Cattle","del":"L","j1":"21.50","j2":"21.20","j3":"21.20","j4":"21.70","j5":"21.60","j6":"0.00","bot":"0.00","raw_score":"85.76","dropped_judge":"none","dropped_score":"0.00","spread":"0.50","score":"85.76","imp_score":"0.00","handi_score":"85.76"},{"outid":"12","pevid":"647","entid":"38429","regno":"10218082","pbid":"0","bbcid":"4540","bno":"833r","bname":"Knockin Boots","owner":"Gene Baker \/ Hillcrest Bucking Bulls","del":"R","j1":"22.10","j2":"21.60","j3":"21.30","j4":"21.50","j5":"22.40","j6":"0.00","bot":"0.00","raw_score":"87.12","dropped_judge":"none","dropped_score":"0.00","spread":"1.10","score":"87.12","imp_score":"0.00","handi_score":"87.12"},{"outid":"13","pevid":"647","entid":"38380","regno":"10251590","pbid":"0","bbcid":"7810","bno":"17R","bname":"Renegade","owner":"Cord McCoy\/Rodosky\/Lovell\/Punke","del":"L","j1":"21.30","j2":"21.30","j3":"21.00","j4":"18.20","j5":"22.60","j6":"0.00","bot":"0.00","raw_score":"83.52","dropped_judge":"none","dropped_score":"0.00","spread":"4.40","score":"83.52","imp_score":"0.00","handi_score":"83.52"},{"outid":"14","pevid":"647","entid":"38464","regno":"10217821","pbid":"0","bbcid":"4169","bno":"70F","bname":"Brusta","owner":"Joe & Nina Webb \/ Julian Cattle & Staci Addison \/ D&H Cattle","del":"L","j1":"20.50","j2":"19.10","j3":"19.60","j4":"20.40","j5":"21.30","j6":"0.00","bot":"0.00","raw_score":"80.72","dropped_judge":"none","dropped_score":"0.00","spread":"2.20","score":"80.72","imp_score":"0.00","handi_score":"80.72"},{"outid":"15","pevid":"647","entid":"38733","regno":"10223466","pbid":"0","bbcid":"8545","bno":"45H","bname":"Sky Is The Limit","owner":"Halpain Bucking Bulls","del":"L","j1":"21.50","j2":"21.70","j3":"20.60","j4":"21.40","j5":"21.90","j6":"0.00","bot":"0.00","raw_score":"85.68","dropped_judge":"none","dropped_score":"0.00","spread":"1.30","score":"85.68","imp_score":"0.00","handi_score":"85.68"},{"outid":"17","pevid":"647","entid":"38692","regno":"10219860","pbid":"0","bbcid":"8418","bno":"963","bname":"Brutilizer","owner":"Guidry Land & Cattle \/ 4G Ranch","del":"L","j1":"21.40","j2":"21.00","j3":"18.90","j4":"21.30","j5":"19.80","j6":"0.00","bot":"0.00","raw_score":"81.92","dropped_judge":"none","dropped_score":"0.00","spread":"2.50","score":"81.92","imp_score":"0.00","handi_score":"81.92"},{"outid":"18","pevid":"647","entid":"38720","regno":"10220657","pbid":"0","bbcid":"5799","bno":"837","bname":"Kingdom","owner":"Futrell \/ D&H Cattle ","del":"R","j1":"21.50","j2":"22.10","j3":"22.10","j4":"21.90","j5":"22.30","j6":"0.00","bot":"0.00","raw_score":"87.92","dropped_judge":"none","dropped_score":"0.00","spread":"0.80","score":"87.92","imp_score":"0.00","handi_score":"87.92"},{"outid":"19","pevid":"647","entid":"38453","regno":"10249405","pbid":"0","bbcid":"8224","bno":"40","bname":"God Bless America","owner":"Hoefer \/ Berryman \/ Ogden \/ Hart","del":"L","j1":"22.00","j2":"21.40","j3":"22.30","j4":"22.00","j5":"21.80","j6":"0.00","bot":"0.00","raw_score":"87.60","dropped_judge":"none","dropped_score":"0.00","spread":"0.90","score":"87.60","imp_score":"0.00","handi_score":"87.60"},{"outid":"20","pevid":"647","entid":"38454","regno":"10220277","pbid":"0","bbcid":"6778","bno":"C6","bname":"Kong","owner":"Coleman \/ Ogden Ranch \/ Hart Cattle","del":"L","j1":"22.10","j2":"21.20","j3":"21.60","j4":"21.00","j5":"21.70","j6":"0.00","bot":"0.00","raw_score":"86.08","dropped_judge":"none","dropped_score":"0.00","spread":"1.10","score":"86.08","imp_score":"0.00","handi_score":"86.08"},{"outid":"21","pevid":"647","entid":"38786","regno":"10221770","pbid":"0","bbcid":"5344","bno":"-167","bname":"Black Cherry","owner":"ProVantage Animal Health\/ Hookin W Ranch","del":"L","j1":"20.90","j2":"21.40","j3":"21.90","j4":"22.10","j5":"21.20","j6":"0.00","bot":"0.00","raw_score":"86.00","dropped_judge":"none","dropped_score":"0.00","spread":"1.20","score":"86.00","imp_score":"0.00","handi_score":"86.00"},{"outid":"22","pevid":"647","entid":"38865","regno":"10221053","pbid":"0","bbcid":"6537","bno":"953","bname":"July","owner":"Lane Leffew \/ Adam Newton\/Meza","del":"L","j1":"21.10","j2":"21.70","j3":"21.80","j4":"22.20","j5":"20.70","j6":"0.00","bot":"0.00","raw_score":"86.00","dropped_judge":"none","dropped_score":"0.00","spread":"1.50","score":"86.00","imp_score":"0.00","handi_score":"86.00"},{"outid":"23","pevid":"647","entid":"38738","regno":"10224362","pbid":"0","bbcid":"5570","bno":"ZZ873","bname":"Firestone","owner":"Less Than 8 Cattle ","del":"R","j1":"21.80","j2":"21.50","j3":"22.20","j4":"21.80","j5":"22.00","j6":"0.00","bot":"0.00","raw_score":"87.44","dropped_judge":"none","dropped_score":"0.00","spread":"0.70","score":"87.44","imp_score":"0.00","handi_score":"87.44"},{"outid":"24","pevid":"647","entid":"38381","regno":"10219767","pbid":"0","bbcid":"4866","bno":"25F","bname":"Wilson","owner":"Cord McCoy \/ CCL Bucking Bulls","del":"R","j1":"12.00","j2":"14.00","j3":"5.20","j4":"14.70","j5":"16.00","j6":"0.00","bot":"0.00","raw_score":"49.52","dropped_judge":"none","dropped_score":"0.00","spread":"10.80","score":"49.52","imp_score":"0.00","handi_score":"49.52"},{"outid":"25","pevid":"647","entid":"38382","regno":"10221154","pbid":"0","bbcid":"4904","bno":"40F","bname":"Hank","owner":"Cord McCoy \/ Wold \/ Stevens","del":"L","j1":"21.50","j2":"21.00","j3":"22.40","j4":"21.90","j5":"21.60","j6":"0.00","bot":"0.00","raw_score":"86.72","dropped_judge":"none","dropped_score":"0.00","spread":"1.40","score":"86.72","imp_score":"0.00","handi_score":"86.72"},{"outid":"26","pevid":"647","entid":"38376","regno":"10226866","pbid":"0","bbcid":"8344","bno":"8194","bname":"Blue Duck","owner":"Cord McCoy\/Grin\/Jacobson\/Davis Rodeo Ranch","del":"L","j1":"22.00","j2":"22.70","j3":"23.50","j4":"23.00","j5":"22.70","j6":"0.00","bot":"0.00","raw_score":"91.12","dropped_judge":"none","dropped_score":"0.00","spread":"1.50","score":"91.12","imp_score":"0.00","handi_score":"91.12"},{"outid":"27","pevid":"647","entid":"38426","regno":"10217839","pbid":"0","bbcid":"4501","bno":"6F","bname":"Tchoupitoulas","owner":"Heavy Hitters Group \/ Twisted T Livestock","del":"L","j1":"22.20","j2":"22.00","j3":"22.20","j4":"22.40","j5":"22.40","j6":"0.00","bot":"0.00","raw_score":"88.96","dropped_judge":"none","dropped_score":"0.00","spread":"0.40","score":"88.96","imp_score":"0.00","handi_score":"88.96"},{"outid":"28","pevid":"647","entid":"38734","regno":"10227864","pbid":"0","bbcid":"7181","bno":"839","bname":"Tortuga","owner":"Halpain \/ Martinelli","del":"R","j1":"22.40","j2":"22.20","j3":"22.20","j4":"21.80","j5":"22.20","j6":"0.00","bot":"0.00","raw_score":"88.64","dropped_judge":"none","dropped_score":"0.00","spread":"0.60","score":"88.64","imp_score":"0.00","handi_score":"88.64"},{"outid":"29","pevid":"647","entid":"38906","regno":"10238269","pbid":"0","bbcid":"5114","bno":"86","bname":"Chief","owner":"Blake Sharp\/ Michael Floyd ","del":"L","j1":"21.40","j2":"21.10","j3":"21.00","j4":"21.50","j5":"21.60","j6":"0.00","bot":"0.00","raw_score":"85.28","dropped_judge":"none","dropped_score":"0.00","spread":"0.60","score":"85.28","imp_score":"0.00","handi_score":"85.28"},{"outid":"30","pevid":"647","entid":"38718","regno":"10250132","pbid":"0","bbcid":"8232","bno":"22MP","bname":"Lady Killer","owner":"P. Ro\/ Lone Star \/ Pate \/ D&H","del":"L","j1":"21.10","j2":"21.60","j3":"21.80","j4":"22.20","j5":"21.50","j6":"0.00","bot":"0.00","raw_score":"86.56","dropped_judge":"none","dropped_score":"0.00","spread":"1.10","score":"86.56","imp_score":"0.00","handi_score":"86.56"},{"outid":"31","pevid":"647","entid":"38377","regno":"10219540","pbid":"0","bbcid":"4055","bno":"CMc814","bname":"Tulsa Time","owner":"Cord & Sara McCoy","del":"R","j1":"22.50","j2":"22.00","j3":"22.10","j4":"22.50","j5":"22.20","j6":"0.00","bot":"0.00","raw_score":"89.04","dropped_judge":"none","dropped_score":"0.00","spread":"0.50","score":"89.04","imp_score":"0.00","handi_score":"89.04"},{"outid":"32","pevid":"647","entid":"38691","regno":"10223109","pbid":"0","bbcid":"4585","bno":"F6","bname":"Mr. Excavator ","owner":"Justin Cornwell","del":"L","j1":"22.30","j2":"22.50","j3":"22.10","j4":"21.90","j5":"21.80","j6":"0.00","bot":"0.00","raw_score":"88.48","dropped_judge":"none","dropped_score":"0.00","spread":"0.70","score":"88.48","imp_score":"0.00","handi_score":"88.48"},{"outid":"33","pevid":"647","entid":"38674","regno":"10225235","pbid":"0","bbcid":"7381","bno":"863","bname":"High Hopes","owner":"Stevens Bucking Bulls","del":"L","j1":"22.10","j2":"22.40","j3":"22.30","j4":"22.20","j5":"21.70","j6":"0.00","bot":"0.00","raw_score":"88.56","dropped_judge":"none","dropped_score":"0.00","spread":"0.70","score":"88.56","imp_score":"0.00","handi_score":"88.56"},{"outid":"34","pevid":"647","entid":"38356","regno":"10220040","pbid":"0","bbcid":"3978","bno":"8122","bname":"Mr. Personality","owner":"Southern Cross Bucking Bulls","del":"R","j1":"21.40","j2":"21.00","j3":"21.30","j4":"20.70","j5":"21.30","j6":"0.00","bot":"0.00","raw_score":"84.56","dropped_judge":"none","dropped_score":"0.00","spread":"0.70","score":"84.56","imp_score":"0.00","handi_score":"84.56"},{"outid":"35","pevid":"647","entid":"38664","regno":"10225775","pbid":"0","bbcid":"8206","bno":"HV42","bname":"Razzmatazz ","owner":"HighView Cattle Co \/ M Rafter E Bucking Bulls","del":"L","j1":"21.90","j2":"21.80","j3":"22.10","j4":"22.40","j5":"22.50","j6":"0.00","bot":"0.00","raw_score":"88.56","dropped_judge":"none","dropped_score":"0.00","spread":"0.70","score":"88.56","imp_score":"0.00","handi_score":"88.56"},{"outid":"36","pevid":"647","entid":"38724","regno":"10229267","pbid":"0","bbcid":"6287","bno":"5g","bname":"Flapjack","owner":"Parker\/OK Corralis\/Gordon\/D&H Cattle","del":"L","j1":"22.00","j2":"22.20","j3":"22.00","j4":"22.10","j5":"22.30","j6":"0.00","bot":"0.00","raw_score":"88.48","dropped_judge":"none","dropped_score":"0.00","spread":"0.30","score":"88.48","imp_score":"0.00","handi_score":"88.48"},{"outid":"37","pevid":"647","entid":"38719","regno":"10221158","pbid":"0","bbcid":"4192","bno":"35F","bname":"Cool Whip","owner":"Julian Cattle & Staci Addison \/ D&H Cattle \/ Crooked W","del":"L","j1":"21.60","j2":"22.00","j3":"22.30","j4":"22.60","j5":"22.50","j6":"0.00","bot":"0.00","raw_score":"88.80","dropped_judge":"none","dropped_score":"0.00","spread":"1.00","score":"88.80","imp_score":"0.00","handi_score":"88.80"},{"outid":"38","pevid":"647","entid":"38908","regno":"10224147","pbid":"0","bbcid":"4630","bno":"8181","bname":"Gangster Rock","owner":"Blake Sharp \/ High Voltage Cattle","del":"L","j1":"21.40","j2":"22.30","j3":"21.80","j4":"21.30","j5":"21.40","j6":"0.00","bot":"0.00","raw_score":"86.56","dropped_judge":"none","dropped_score":"0.00","spread":"1.00","score":"86.56","imp_score":"0.00","handi_score":"86.56"},{"outid":"39","pevid":"647","entid":"38480","regno":"10220258","pbid":"0","bbcid":"4044","bno":"0218","bname":"Cowboy Playboy","owner":"Partin Place","del":"L","j1":"21.30","j2":"21.80","j3":"21.60","j4":"21.50","j5":"21.80","j6":"0.00","bot":"0.00","raw_score":"86.40","dropped_judge":"none","dropped_score":"0.00","spread":"0.50","score":"86.40","imp_score":"0.00","handi_score":"86.40"},{"outid":"40","pevid":"647","entid":"39134","regno":"10217887","pbid":"0","bbcid":"6630","bno":"47F","bname":"Charmer","owner":"D&H Cattle \/ Buck Cattle","del":"L","j1":"0.00","j2":"0.00","j3":"0.00","j4":"0.00","j5":"0.00","j6":"0.00","bot":"0.00","raw_score":"0.00","dropped_judge":"none","dropped_score":"0.00","spread":"0.00","score":"0.00","imp_score":"0.00","handi_score":"0.00"},{"outid":"41","pevid":"647","entid":"39123","regno":"10224163","pbid":"0","bbcid":"7742","bno":"881","bname":"Game Over","owner":"Cooper \/ Scruggs \/ Bishop","del":"R","j1":"0.00","j2":"0.00","j3":"0.00","j4":"0.00","j5":"0.00","j6":"0.00","bot":"0.00","raw_score":"0.00","dropped_judge":"none","dropped_score":"0.00","spread":"0.00","score":"0.00","imp_score":"0.00","handi_score":"0.00"},{"outid":"42","pevid":"647","entid":"39146","regno":"10239151","pbid":"0","bbcid":"8239","bno":"805","bname":"Train Station ","owner":"Stockyards Pro Rodeo\/Winston\/Melton Bull Co","del":"L","j1":"0.00","j2":"0.00","j3":"0.00","j4":"0.00","j5":"0.00","j6":"0.00","bot":"0.00","raw_score":"0.00","dropped_judge":"none","dropped_score":"0.00","spread":"0.00","score":"0.00","imp_score":"0.00","handi_score":"0.00"},{"outid":"43","pevid":"647","entid":"39121","regno":"10219642","pbid":"0","bbcid":"4151","bno":"8042","bname":"Skittles","owner":"Fire S Cattle ","del":"L","j1":"0.00","j2":"0.00","j3":"0.00","j4":"0.00","j5":"0.00","j6":"0.00","bot":"0.00","raw_score":"0.00","dropped_judge":"none","dropped_score":"0.00","spread":"0.00","score":"0.00","imp_score":"0.00","handi_score":"0.00"},{"outid":"44","pevid":"647","entid":"39114","regno":"10222050","pbid":"0","bbcid":"5095","bno":"808","bname":"Miller Time","owner":"A&E Bucking Bulls \/ BS Cattle Co","del":"R","j1":"0.00","j2":"0.00","j3":"0.00","j4":"0.00","j5":"0.00","j6":"0.00","bot":"0.00","raw_score":"0.00","dropped_judge":"none","dropped_score":"0.00","spread":"0.00","score":"0.00","imp_score":"0.00","handi_score":"0.00"},{"outid":"45","pevid":"647","entid":"39137","regno":"10217834","pbid":"0","bbcid":"4171","bno":"861F","bname":"Short Circuit","owner":"McWhorter \/ D&H Cattle ","del":"L","j1":"0.00","j2":"0.00","j3":"0.00","j4":"0.00","j5":"0.00","j6":"0.00","bot":"0.00","raw_score":"0.00","dropped_judge":"none","dropped_score":"0.00","spread":"0.00","score":"0.00","imp_score":"0.00","handi_score":"0.00"},{"outid":"46","pevid":"647","entid":"39140","regno":"10224147","pbid":"0","bbcid":"4630","bno":"8181","bname":"Gangster Rock","owner":"Blake Sharp \/ High Voltage Cattle","del":"L","j1":"0.00","j2":"0.00","j3":"0.00","j4":"0.00","j5":"0.00","j6":"0.00","bot":"0.00","raw_score":"0.00","dropped_judge":"none","dropped_score":"0.00","spread":"0.00","score":"0.00","imp_score":"0.00","handi_score":"0.00"},{"outid":"47","pevid":"647","entid":"39126","regno":"10250131","pbid":"0","bbcid":"6632","bno":"23 MP","bname":"Cowboy Cool","owner":"Pate \/ D&H Cattle","del":"L","j1":"0.00","j2":"0.00","j3":"0.00","j4":"0.00","j5":"0.00","j6":"0.00","bot":"0.00","raw_score":"0.00","dropped_judge":"none","dropped_score":"0.00","spread":"0.00","score":"0.00","imp_score":"0.00","handi_score":"0.00"},{"outid":"48","pevid":"647","entid":"39122","regno":"10220038","pbid":"0","bbcid":"4454","bno":"8121","bname":"Heart & Soul","owner":"Just For Kicks \/ DD Bucking Bulls","del":"R","j1":"0.00","j2":"0.00","j3":"0.00","j4":"0.00","j5":"0.00","j6":"0.00","bot":"0.00","raw_score":"0.00","dropped_judge":"none","dropped_score":"0.00","spread":"0.00","score":"0.00","imp_score":"0.00","handi_score":"0.00"},{"outid":"49","pevid":"647","entid":"39113","regno":"10218082","pbid":"0","bbcid":"4540","bno":"833r","bname":"Knockin Boots","owner":"Gene Baker \/ Hillcrest Bucking Bulls","del":"R","j1":"0.00","j2":"0.00","j3":"0.00","j4":"0.00","j5":"0.00","j6":"0.00","bot":"0.00","raw_score":"0.00","dropped_judge":"none","dropped_score":"0.00","spread":"0.00","score":"0.00","imp_score":"0.00","handi_score":"0.00"},{"outid":"50","pevid":"647","entid":"39145","regno":"10251590","pbid":"0","bbcid":"7810","bno":"17R","bname":"Renegade","owner":"Cord McCoy\/Rodosky\/Lovell\/Punke","del":"L","j1":"0.00","j2":"0.00","j3":"0.00","j4":"0.00","j5":"0.00","j6":"0.00","bot":"0.00","raw_score":"0.00","dropped_judge":"none","dropped_score":"0.00","spread":"0.00","score":"0.00","imp_score":"0.00","handi_score":"0.00"},{"outid":"51","pevid":"647","entid":"39149","regno":"10217821","pbid":"0","bbcid":"4169","bno":"70F","bname":"Brusta","owner":"Joe & Nina Webb \/ Julian Cattle & Staci Addison \/ D&H Cattle","del":"L","j1":"0.00","j2":"0.00","j3":"0.00","j4":"0.00","j5":"0.00","j6":"0.00","bot":"0.00","raw_score":"0.00","dropped_judge":"none","dropped_score":"0.00","spread":"0.00","score":"0.00","imp_score":"0.00","handi_score":"0.00"},{"outid":"52","pevid":"647","entid":"39128","regno":"10223466","pbid":"0","bbcid":"8545","bno":"45H","bname":"Sky Is The Limit","owner":"Halpain Bucking Bulls","del":"L","j1":"0.00","j2":"0.00","j3":"0.00","j4":"0.00","j5":"0.00","j6":"0.00","bot":"0.00","raw_score":"0.00","dropped_judge":"none","dropped_score":"0.00","spread":"0.00","score":"0.00","imp_score":"0.00","handi_score":"0.00"},{"outid":"53","pevid":"647","entid":"39130","regno":"10219860","pbid":"0","bbcid":"8418","bno":"963","bname":"Brutilizer","owner":"Guidry Land & Cattle \/ 4G Ranch","del":"L","j1":"0.00","j2":"0.00","j3":"0.00","j4":"0.00","j5":"0.00","j6":"0.00","bot":"0.00","raw_score":"0.00","dropped_judge":"none","dropped_score":"0.00","spread":"0.00","score":"0.00","imp_score":"0.00","handi_score":"0.00"},{"outid":"54","pevid":"647","entid":"39115","regno":"10220277","pbid":"0","bbcid":"6778","bno":"C6","bname":"Kong","owner":"Coleman \/ Ogden Ranch \/ Hart Cattle","del":"L","j1":"0.00","j2":"0.00","j3":"0.00","j4":"0.00","j5":"0.00","j6":"0.00","bot":"0.00","raw_score":"0.00","dropped_judge":"none","dropped_score":"0.00","spread":"0.00","score":"0.00","imp_score":"0.00","handi_score":"0.00"},{"outid":"55","pevid":"647","entid":"39117","regno":"10220258","pbid":"0","bbcid":"4044","bno":"0218","bname":"Cowboy Playboy","owner":"Partin Place","del":"L","j1":"0.00","j2":"0.00","j3":"0.00","j4":"0.00","j5":"0.00","j6":"0.00","bot":"0.00","raw_score":"0.00","dropped_judge":"none","dropped_score":"0.00","spread":"0.00","score":"0.00","imp_score":"0.00","handi_score":"0.00"},{"outid":"56","pevid":"647","entid":"39138","regno":"10221770","pbid":"0","bbcid":"5344","bno":"-167","bname":"Black Cherry","owner":"ProVantage Animal Health\/ Hookin W Ranch","del":"L","j1":"0.00","j2":"0.00","j3":"0.00","j4":"0.00","j5":"0.00","j6":"0.00","bot":"0.00","raw_score":"0.00","dropped_judge":"none","dropped_score":"0.00","spread":"0.00","score":"0.00","imp_score":"0.00","handi_score":"0.00"},{"outid":"57","pevid":"647","entid":"39141","regno":"10221053","pbid":"0","bbcid":"6537","bno":"953","bname":"July","owner":"Lane Leffew \/ Adam Newton\/Meza","del":"L","j1":"0.00","j2":"0.00","j3":"0.00","j4":"0.00","j5":"0.00","j6":"0.00","bot":"0.00","raw_score":"0.00","dropped_judge":"none","dropped_score":"0.00","spread":"0.00","score":"0.00","imp_score":"0.00","handi_score":"0.00"},{"outid":"58","pevid":"647","entid":"39118","regno":"10219767","pbid":"0","bbcid":"4866","bno":"25F","bname":"Wilson","owner":"Cord McCoy \/ CCL Bucking Bulls","del":"R","j1":"0.00","j2":"0.00","j3":"0.00","j4":"0.00","j5":"0.00","j6":"0.00","bot":"0.00","raw_score":"0.00","dropped_judge":"none","dropped_score":"0.00","spread":"0.00","score":"0.00","imp_score":"0.00","handi_score":"0.00"},{"outid":"59","pevid":"647","entid":"39151","regno":"10221154","pbid":"0","bbcid":"4904","bno":"40F","bname":"Hank","owner":"Cord McCoy \/ Wold \/ Stevens","del":"L","j1":"0.00","j2":"0.00","j3":"0.00","j4":"0.00","j5":"0.00","j6":"0.00","bot":"0.00","raw_score":"0.00","dropped_judge":"none","dropped_score":"0.00","spread":"0.00","score":"0.00","imp_score":"0.00","handi_score":"0.00"},{"outid":"60","pevid":"647","entid":"39139","regno":"10238269","pbid":"0","bbcid":"5114","bno":"86","bname":"Chief","owner":"Blake Sharp\/ Michael Floyd ","del":"L","j1":"0.00","j2":"0.00","j3":"0.00","j4":"0.00","j5":"0.00","j6":"0.00","bot":"0.00","raw_score":"0.00","dropped_judge":"none","dropped_score":"0.00","spread":"0.00","score":"0.00","imp_score":"0.00","handi_score":"0.00"},{"outid":"61","pevid":"647","entid":"39127","regno":"10250132","pbid":"0","bbcid":"8232","bno":"22MP","bname":"Lady Killer","owner":"P. Ro\/ Lone Star \/ Pate \/ D&H","del":"L","j1":"0.00","j2":"0.00","j3":"0.00","j4":"0.00","j5":"0.00","j6":"0.00","bot":"0.00","raw_score":"0.00","dropped_judge":"none","dropped_score":"0.00","spread":"0.00","score":"0.00","imp_score":"0.00","handi_score":"0.00"},{"outid":"62","pevid":"647","entid":"39147","regno":"10220040","pbid":"0","bbcid":"3978","bno":"8122","bname":"Mr. Personality","owner":"Southern Cross Bucking Bulls","del":"R","j1":"0.00","j2":"0.00","j3":"0.00","j4":"0.00","j5":"0.00","j6":"0.00","bot":"0.00","raw_score":"0.00","dropped_judge":"none","dropped_score":"0.00","spread":"0.00","score":"0.00","imp_score":"0.00","handi_score":"0.00"},{"outid":"63","pevid":"647","entid":"39111","regno":"10217839","pbid":"0","bbcid":"4501","bno":"6F","bname":"Tchoupitoulas","owner":"Heavy Hitters Group \/ Twisted T Livestock","del":"L","j1":"22.00","j2":"22.60","j3":"22.20","j4":"22.80","j5":"22.40","j6":"0.00","bot":"0.00","raw_score":"89.60","dropped_judge":"none","dropped_score":"0.00","spread":"0.80","score":"89.60","imp_score":"0.00","handi_score":"89.60"},{"outid":"64","pevid":"647","entid":"39132","regno":"10228662","pbid":"0","bbcid":"4625","bno":"R83","bname":"War Department","owner":"Rockin T Ranch","del":"R","j1":"20.90","j2":"20.70","j3":"21.40","j4":"21.60","j5":"22.20","j6":"0.00","bot":"0.00","raw_score":"85.44","dropped_judge":"none","dropped_score":"0.00","spread":"1.50","score":"85.44","imp_score":"0.00","handi_score":"85.44"},{"outid":"65","pevid":"647","entid":"39144","regno":"10226866","pbid":"0","bbcid":"8344","bno":"8194","bname":"Blue Duck","owner":"Cord McCoy\/Grin\/Jacobson\/Davis Rodeo Ranch","del":"L","j1":"0.00","j2":"0.00","j3":"0.00","j4":"0.00","j5":"0.00","j6":"0.00","bot":"0.00","raw_score":"0.00","dropped_judge":"none","dropped_score":"0.00","spread":"0.00","score":"0.00","imp_score":"0.00","handi_score":"0.00"},{"outid":"66","pevid":"647","entid":"39116","regno":"10249405","pbid":"0","bbcid":"8224","bno":"40","bname":"God Bless America","owner":"Hoefer \/ Berryman \/ Ogden \/ Hart","del":"L","j1":"21.80","j2":"21.30","j3":"21.80","j4":"21.70","j5":"21.80","j6":"0.00","bot":"0.00","raw_score":"86.72","dropped_judge":"none","dropped_score":"0.00","spread":"0.50","score":"86.72","imp_score":"0.00","handi_score":"86.72"},{"outid":"67","pevid":"647","entid":"39143","regno":"10219540","pbid":"0","bbcid":"4055","bno":"CMc814","bname":"Tulsa Time","owner":"Cord & Sara McCoy","del":"R","j1":"19.00","j2":"17.00","j3":"21.10","j4":"18.70","j5":"18.00","j6":"0.00","bot":"0.00","raw_score":"75.04","dropped_judge":"none","dropped_score":"0.00","spread":"4.10","score":"75.04","imp_score":"0.00","handi_score":"75.04"},{"outid":"68","pevid":"647","entid":"39120","regno":"10225775","pbid":"0","bbcid":"8206","bno":"HV42","bname":"Razzmatazz ","owner":"HighView Cattle Co \/ M Rafter E Bucking Bulls","del":"L","j1":"21.40","j2":"21.20","j3":"22.10","j4":"22.20","j5":"21.90","j6":"0.00","bot":"0.00","raw_score":"87.04","dropped_judge":"none","dropped_score":"0.00","spread":"1.00","score":"87.04","imp_score":"0.00","handi_score":"87.04"},{"outid":"69","pevid":"647","entid":"39131","regno":"10224362","pbid":"0","bbcid":"5570","bno":"ZZ873","bname":"Firestone","owner":"Less Than 8 Cattle ","del":"R","j1":"21.90","j2":"21.80","j3":"21.70","j4":"21.40","j5":"21.90","j6":"0.00","bot":"0.00","raw_score":"86.96","dropped_judge":"none","dropped_score":"0.00","spread":"0.50","score":"86.96","imp_score":"0.00","handi_score":"86.96"},{"outid":"70","pevid":"647","entid":"39148","regno":"10221158","pbid":"0","bbcid":"4192","bno":"35F","bname":"Cool Whip","owner":"Julian Cattle & Staci Addison \/ D&H Cattle \/ Crooked W","del":"L","j1":"22.50","j2":"23.00","j3":"22.80","j4":"23.20","j5":"23.00","j6":"0.00","bot":"0.00","raw_score":"91.60","dropped_judge":"none","dropped_score":"0.00","spread":"0.70","score":"91.60","imp_score":"0.00","handi_score":"91.60"},{"outid":"71","pevid":"647","entid":"39136","regno":"10219279","pbid":"0","bbcid":"4190","bno":"F42","bname":"Big Wave ","owner":"Lone Star \/ Outlaw \/ Maynes \/ D&H Cattle","del":"L","j1":"21.80","j2":"21.90","j3":"22.00","j4":"22.00","j5":"22.00","j6":"0.00","bot":"0.00","raw_score":"87.76","dropped_judge":"none","dropped_score":"0.00","spread":"0.20","score":"87.76","imp_score":"0.00","handi_score":"87.76"},{"outid":"72","pevid":"647","entid":"39133","regno":"10220657","pbid":"0","bbcid":"5799","bno":"837","bname":"Kingdom","owner":"Futrell \/ D&H Cattle ","del":"R","j1":"21.30","j2":"22.00","j3":"22.20","j4":"21.40","j5":"21.70","j6":"0.00","bot":"0.00","raw_score":"86.88","dropped_judge":"none","dropped_score":"0.00","spread":"0.90","score":"86.88","imp_score":"0.00","handi_score":"86.88"},{"outid":"73","pevid":"647","entid":"39150","regno":"10219338","pbid":"0","bbcid":"4194","bno":"F20","bname":"Alakazam","owner":"Julian Cattle & Staci Addison \/ Buck Cattle \/ D&H Cattle","del":"R","j1":"22.10","j2":"22.50","j3":"23.20","j4":"22.60","j5":"22.50","j6":"0.00","bot":"0.00","raw_score":"90.32","dropped_judge":"none","dropped_score":"0.00","spread":"1.10","score":"90.32","imp_score":"0.00","handi_score":"90.32"},{"outid":"74","pevid":"647","entid":"39135","regno":"10229267","pbid":"0","bbcid":"6287","bno":"5g","bname":"Flapjack","owner":"Parker\/OK Corralis\/Gordon\/D&H Cattle","del":"L","j1":"22.00","j2":"22.20","j3":"22.80","j4":"22.50","j5":"22.50","j6":"0.00","bot":"0.00","raw_score":"89.60","dropped_judge":"none","dropped_score":"0.00","spread":"0.80","score":"89.60","imp_score":"0.00","handi_score":"89.60"},{"outid":"75","pevid":"647","entid":"39124","regno":"10223109","pbid":"0","bbcid":"4585","bno":"F6","bname":"Mr. Excavator ","owner":"Justin Cornwell","del":"L","j1":"22.00","j2":"22.10","j3":"22.30","j4":"22.80","j5":"22.30","j6":"0.00","bot":"0.00","raw_score":"89.20","dropped_judge":"none","dropped_score":"0.00","spread":"0.80","score":"89.20","imp_score":"0.00","handi_score":"89.20"},{"outid":"76","pevid":"647","entid":"39125","regno":"10225235","pbid":"0","bbcid":"7381","bno":"863","bname":"High Hopes","owner":"Stevens Bucking Bulls","del":"L","j1":"20.50","j2":"20.30","j3":"21.10","j4":"20.20","j5":"20.60","j6":"0.00","bot":"0.00","raw_score":"82.16","dropped_judge":"none","dropped_score":"0.00","spread":"0.90","score":"82.16","imp_score":"0.00","handi_score":"82.16"},{"outid":"77","pevid":"647","entid":"39129","regno":"10227864","pbid":"0","bbcid":"7181","bno":"839","bname":"Tortuga","owner":"Halpain \/ Martinelli","del":"R","j1":"21.80","j2":"22.00","j3":"22.30","j4":"22.10","j5":"22.30","j6":"0.00","bot":"0.00","raw_score":"88.40","dropped_judge":"none","dropped_score":"0.00","spread":"0.50","score":"88.40","imp_score":"0.00","handi_score":"88.40"}]