[{"rowid":"1","outid":"1","pevid":"647","evid":"2706","bbcid":"6630","perf":"0","go":"1","sc":"77.50","place":"37","tier":"222","tier_place":null,"money":null,"points":"0"},{"rowid":"2","outid":"2","pevid":"647","evid":"2706","bbcid":"4190","perf":"0","go":"1","sc":"87.28","place":"15","tier":"222","tier_place":null,"money":null,"points":"0"},{"rowid":"3","outid":"3","pevid":"647","evid":"2706","bbcid":"4194","perf":"0","go":"1","sc":"88.56","place":"7\/9","tier":"222","tier_place":null,"money":null,"points":"0"},{"rowid":"7","outid":"4","pevid":"647","evid":"2706","bbcid":"8239","perf":"0","go":"1","sc":"87.12","place":"16\/17","tier":"222","tier_place":null,"money":null,"points":"0"},{"rowid":"8","outid":"5","pevid":"647","evid":"2706","bbcid":"4151","perf":"0","go":"1","sc":"83.84","place":"32","tier":"222","tier_place":null,"money":null,"points":"0"},{"rowid":"9","outid":"6","pevid":"647","evid":"2706","bbcid":"7742","perf":"0","go":"1","sc":"84.72","place":"30","tier":"222","tier_place":null,"money":null,"points":"0"},{"rowid":"16","outid":"7","pevid":"647","evid":"2706","bbcid":"5095","perf":"0","go":"1","sc":"85.68","place":"27\/28","tier":"222","tier_place":null,"money":null,"points":"0"},{"rowid":"17","outid":"8","pevid":"647","evid":"2706","bbcid":"4625","perf":"0","go":"1","sc":"89.20","place":"2","tier":"222","tier_place":null,"money":null,"points":"0"},{"rowid":"18","outid":"9","pevid":"647","evid":"2706","bbcid":"4171","perf":"0","go":"1","sc":"86.48","place":"21","tier":"222","tier_place":null,"money":null,"points":"0"},{"rowid":"19","outid":"10","pevid":"647","evid":"2706","bbcid":"4454","perf":"0","go":"1","sc":"80.48","place":"36","tier":"222","tier_place":null,"money":null,"points":"0"},{"rowid":"20","outid":"11","pevid":"647","evid":"2706","bbcid":"6632","perf":"0","go":"1","sc":"85.76","place":"26","tier":"222","tier_place":null,"money":null,"points":"0"},{"rowid":"32","outid":"12","pevid":"647","evid":"2706","bbcid":"4540","perf":"0","go":"1","sc":"87.12","place":"16\/17","tier":"222","tier_place":null,"money":null,"points":"0"},{"rowid":"33","outid":"13","pevid":"647","evid":"2706","bbcid":"7810","perf":"0","go":"1","sc":"83.52","place":"33","tier":"222","tier_place":null,"money":null,"points":"0"},{"rowid":"34","outid":"14","pevid":"647","evid":"2706","bbcid":"4169","perf":"0","go":"1","sc":"80.72","place":"35","tier":"222","tier_place":null,"money":null,"points":"0"},{"rowid":"35","outid":"15","pevid":"647","evid":"2706","bbcid":"8545","perf":"0","go":"1","sc":"85.68","place":"27\/28","tier":"222","tier_place":null,"money":null,"points":"0"},{"rowid":"52","outid":"17","pevid":"647","evid":"2706","bbcid":"8418","perf":"0","go":"1","sc":"81.92","place":"34","tier":"222","tier_place":null,"money":null,"points":"0"},{"rowid":"53","outid":"18","pevid":"647","evid":"2706","bbcid":"5799","perf":"0","go":"1","sc":"87.92","place":"12","tier":"222","tier_place":null,"money":null,"points":"0"},{"rowid":"71","outid":"19","pevid":"647","evid":"2706","bbcid":"8224","perf":"0","go":"1","sc":"87.60","place":"13","tier":"222","tier_place":null,"money":null,"points":"0"},{"rowid":"72","outid":"20","pevid":"647","evid":"2706","bbcid":"6778","perf":"0","go":"1","sc":"86.08","place":"23","tier":"222","tier_place":null,"money":null,"points":"0"},{"rowid":"73","outid":"21","pevid":"647","evid":"2706","bbcid":"5344","perf":"0","go":"1","sc":"86.00","place":"24\/25","tier":"222","tier_place":null,"money":null,"points":"0"},{"rowid":"74","outid":"22","pevid":"647","evid":"2706","bbcid":"6537","perf":"0","go":"1","sc":"86.00","place":"24\/25","tier":"222","tier_place":null,"money":null,"points":"0"},{"rowid":"75","outid":"23","pevid":"647","evid":"2706","bbcid":"5570","perf":"0","go":"1","sc":"87.44","place":"14","tier":"222","tier_place":null,"money":null,"points":"0"},{"rowid":"76","outid":"24","pevid":"647","evid":"2706","bbcid":"4866","perf":"0","go":"1","sc":"49.52","place":"38","tier":"222","tier_place":null,"money":null,"points":"0"},{"rowid":"77","outid":"25","pevid":"647","evid":"2706","bbcid":"4904","perf":"0","go":"1","sc":"86.72","place":"18","tier":"222","tier_place":null,"money":null,"points":"0"},{"rowid":"78","outid":"26","pevid":"647","evid":"2706","bbcid":"8344","perf":"0","go":"1","sc":"91.12","place":"1","tier":"222","tier_place":null,"money":null,"points":"0"},{"rowid":"104","outid":"27","pevid":"647","evid":"2706","bbcid":"4501","perf":"0","go":"1","sc":"88.96","place":"4","tier":"222","tier_place":null,"money":null,"points":"0"},{"rowid":"131","outid":"28","pevid":"647","evid":"2706","bbcid":"7181","perf":"0","go":"1","sc":"88.64","place":"6","tier":"222","tier_place":null,"money":null,"points":"0"},{"rowid":"132","outid":"29","pevid":"647","evid":"2706","bbcid":"5114","perf":"0","go":"1","sc":"85.28","place":"29","tier":"222","tier_place":null,"money":null,"points":"0"},{"rowid":"133","outid":"30","pevid":"647","evid":"2706","bbcid":"8232","perf":"0","go":"1","sc":"86.56","place":"19\/20","tier":"222","tier_place":null,"money":null,"points":"0"},{"rowid":"134","outid":"31","pevid":"647","evid":"2706","bbcid":"4055","perf":"0","go":"1","sc":"89.04","place":"3","tier":"222","tier_place":null,"money":null,"points":"0"},{"rowid":"135","outid":"32","pevid":"647","evid":"2706","bbcid":"4585","perf":"0","go":"1","sc":"88.48","place":"10\/11","tier":"222","tier_place":null,"money":null,"points":"0"},{"rowid":"136","outid":"33","pevid":"647","evid":"2706","bbcid":"7381","perf":"0","go":"1","sc":"88.56","place":"7\/9","tier":"222","tier_place":null,"money":null,"points":"0"},{"rowid":"137","outid":"34","pevid":"647","evid":"2706","bbcid":"3978","perf":"0","go":"1","sc":"84.56","place":"31","tier":"222","tier_place":null,"money":null,"points":"0"},{"rowid":"138","outid":"35","pevid":"647","evid":"2706","bbcid":"8206","perf":"0","go":"1","sc":"88.56","place":"7\/9","tier":"222","tier_place":null,"money":null,"points":"0"},{"rowid":"139","outid":"36","pevid":"647","evid":"2706","bbcid":"6287","perf":"0","go":"1","sc":"88.48","place":"10\/11","tier":"222","tier_place":null,"money":null,"points":"0"},{"rowid":"140","outid":"37","pevid":"647","evid":"2706","bbcid":"4192","perf":"0","go":"1","sc":"88.80","place":"5","tier":"222","tier_place":null,"money":null,"points":"0"},{"rowid":"177","outid":"38","pevid":"647","evid":"2706","bbcid":"4630","perf":"0","go":"1","sc":"86.56","place":"19\/20","tier":"222","tier_place":null,"money":null,"points":"0"},{"rowid":"178","outid":"39","pevid":"647","evid":"2706","bbcid":"4044","perf":"0","go":"1","sc":"86.40","place":"22","tier":"222","tier_place":null,"money":null,"points":"0"},{"rowid":"217","outid":"40","pevid":"647","evid":"2869","bbcid":"6630","perf":"0","go":"2","sc":"0.00","place":"15\/38","tier":"222","tier_place":null,"money":null,"points":"0"},{"rowid":"218","outid":"41","pevid":"647","evid":"2869","bbcid":"7742","perf":"0","go":"2","sc":"0.00","place":"15\/38","tier":"222","tier_place":null,"money":null,"points":"0"},{"rowid":"219","outid":"42","pevid":"647","evid":"2869","bbcid":"8239","perf":"0","go":"2","sc":"0.00","place":"15\/38","tier":"222","tier_place":null,"money":null,"points":"0"},{"rowid":"220","outid":"43","pevid":"647","evid":"2869","bbcid":"4151","perf":"0","go":"2","sc":"0.00","place":"15\/38","tier":"222","tier_place":null,"money":null,"points":"0"},{"rowid":"221","outid":"44","pevid":"647","evid":"2869","bbcid":"5095","perf":"0","go":"2","sc":"0.00","place":"15\/38","tier":"222","tier_place":null,"money":null,"points":"0"},{"rowid":"222","outid":"45","pevid":"647","evid":"2869","bbcid":"4171","perf":"0","go":"2","sc":"0.00","place":"15\/38","tier":"222","tier_place":null,"money":null,"points":"0"},{"rowid":"223","outid":"46","pevid":"647","evid":"2869","bbcid":"4630","perf":"0","go":"2","sc":"0.00","place":"15\/38","tier":"222","tier_place":null,"money":null,"points":"0"},{"rowid":"224","outid":"47","pevid":"647","evid":"2869","bbcid":"6632","perf":"0","go":"2","sc":"0.00","place":"15\/38","tier":"222","tier_place":null,"money":null,"points":"0"},{"rowid":"225","outid":"48","pevid":"647","evid":"2869","bbcid":"4454","perf":"0","go":"2","sc":"0.00","place":"15\/38","tier":"222","tier_place":null,"money":null,"points":"0"},{"rowid":"226","outid":"49","pevid":"647","evid":"2869","bbcid":"4540","perf":"0","go":"2","sc":"0.00","place":"15\/38","tier":"222","tier_place":null,"money":null,"points":"0"},{"rowid":"227","outid":"50","pevid":"647","evid":"2869","bbcid":"7810","perf":"0","go":"2","sc":"0.00","place":"15\/38","tier":"222","tier_place":null,"money":null,"points":"0"},{"rowid":"228","outid":"51","pevid":"647","evid":"2869","bbcid":"4169","perf":"0","go":"2","sc":"0.00","place":"15\/38","tier":"222","tier_place":null,"money":null,"points":"0"},{"rowid":"229","outid":"52","pevid":"647","evid":"2869","bbcid":"8545","perf":"0","go":"2","sc":"0.00","place":"15\/38","tier":"222","tier_place":null,"money":null,"points":"0"},{"rowid":"230","outid":"53","pevid":"647","evid":"2869","bbcid":"8418","perf":"0","go":"2","sc":"0.00","place":"15\/38","tier":"222","tier_place":null,"money":null,"points":"0"},{"rowid":"231","outid":"54","pevid":"647","evid":"2869","bbcid":"6778","perf":"0","go":"2","sc":"0.00","place":"15\/38","tier":"222","tier_place":null,"money":null,"points":"0"},{"rowid":"232","outid":"55","pevid":"647","evid":"2869","bbcid":"4044","perf":"0","go":"2","sc":"0.00","place":"15\/38","tier":"222","tier_place":null,"money":null,"points":"0"},{"rowid":"233","outid":"56","pevid":"647","evid":"2869","bbcid":"5344","perf":"0","go":"2","sc":"0.00","place":"15\/38","tier":"222","tier_place":null,"money":null,"points":"0"},{"rowid":"234","outid":"57","pevid":"647","evid":"2869","bbcid":"6537","perf":"0","go":"2","sc":"0.00","place":"15\/38","tier":"222","tier_place":null,"money":null,"points":"0"},{"rowid":"235","outid":"58","pevid":"647","evid":"2869","bbcid":"4866","perf":"0","go":"2","sc":"0.00","place":"15\/38","tier":"222","tier_place":null,"money":null,"points":"0"},{"rowid":"236","outid":"59","pevid":"647","evid":"2869","bbcid":"4904","perf":"0","go":"2","sc":"0.00","place":"15\/38","tier":"222","tier_place":null,"money":null,"points":"0"},{"rowid":"237","outid":"60","pevid":"647","evid":"2869","bbcid":"5114","perf":"0","go":"2","sc":"0.00","place":"15\/38","tier":"222","tier_place":null,"money":null,"points":"0"},{"rowid":"238","outid":"61","pevid":"647","evid":"2869","bbcid":"8232","perf":"0","go":"2","sc":"0.00","place":"15\/38","tier":"222","tier_place":null,"money":null,"points":"0"},{"rowid":"239","outid":"62","pevid":"647","evid":"2869","bbcid":"3978","perf":"0","go":"2","sc":"0.00","place":"15\/38","tier":"222","tier_place":null,"money":null,"points":"0"},{"rowid":"240","outid":"63","pevid":"647","evid":"2869","bbcid":"4501","perf":"0","go":"2","sc":"89.60","place":"3\/4","tier":"222","tier_place":null,"money":null,"points":"0"},{"rowid":"241","outid":"64","pevid":"647","evid":"2869","bbcid":"4625","perf":"0","go":"2","sc":"85.44","place":"12","tier":"222","tier_place":null,"money":null,"points":"0"},{"rowid":"242","outid":"65","pevid":"647","evid":"2869","bbcid":"8344","perf":"0","go":"2","sc":"0.00","place":"15\/38","tier":"222","tier_place":null,"money":null,"points":"0"},{"rowid":"243","outid":"66","pevid":"647","evid":"2869","bbcid":"8224","perf":"0","go":"2","sc":"86.72","place":"11","tier":"222","tier_place":null,"money":null,"points":"0"},{"rowid":"244","outid":"67","pevid":"647","evid":"2869","bbcid":"4055","perf":"0","go":"2","sc":"75.04","place":"14","tier":"222","tier_place":null,"money":null,"points":"0"},{"rowid":"283","outid":"68","pevid":"647","evid":"2869","bbcid":"8206","perf":"0","go":"2","sc":"87.04","place":"8","tier":"222","tier_place":null,"money":null,"points":"0"},{"rowid":"284","outid":"69","pevid":"647","evid":"2869","bbcid":"5570","perf":"0","go":"2","sc":"86.96","place":"9","tier":"222","tier_place":null,"money":null,"points":"0"},{"rowid":"285","outid":"70","pevid":"647","evid":"2869","bbcid":"4192","perf":"0","go":"2","sc":"91.60","place":"1","tier":"222","tier_place":null,"money":null,"points":"0"},{"rowid":"286","outid":"71","pevid":"647","evid":"2869","bbcid":"4190","perf":"0","go":"2","sc":"87.76","place":"7","tier":"222","tier_place":null,"money":null,"points":"0"},{"rowid":"287","outid":"72","pevid":"647","evid":"2869","bbcid":"5799","perf":"0","go":"2","sc":"86.88","place":"10","tier":"222","tier_place":null,"money":null,"points":"0"},{"rowid":"288","outid":"73","pevid":"647","evid":"2869","bbcid":"4194","perf":"0","go":"2","sc":"90.32","place":"2","tier":"222","tier_place":null,"money":null,"points":"0"},{"rowid":"327","outid":"74","pevid":"647","evid":"2869","bbcid":"6287","perf":"0","go":"2","sc":"89.60","place":"3\/4","tier":"222","tier_place":null,"money":null,"points":"0"},{"rowid":"328","outid":"75","pevid":"647","evid":"2869","bbcid":"4585","perf":"0","go":"2","sc":"89.20","place":"5","tier":"222","tier_place":null,"money":null,"points":"0"},{"rowid":"367","outid":"76","pevid":"647","evid":"2869","bbcid":"7381","perf":"0","go":"2","sc":"82.16","place":"13","tier":"222","tier_place":null,"money":null,"points":"0"},{"rowid":"368","outid":"77","pevid":"647","evid":"2869","bbcid":"7181","perf":"0","go":"2","sc":"88.40","place":"6","tier":"222","tier_place":null,"money":null,"points":"0"},{"rowid":"369","outid":"0","pevid":"647","evid":"2706","bbcid":"3978","perf":"100","go":"100","sc":"84.56","place":"31","tier":null,"tier_place":null,"money":null,"points":"0"},{"rowid":"370","outid":"0","pevid":"647","evid":"2706","bbcid":"4044","perf":"100","go":"100","sc":"86.40","place":"22","tier":null,"tier_place":null,"money":null,"points":"0"},{"rowid":"371","outid":"0","pevid":"647","evid":"2706","bbcid":"4055","perf":"100","go":"100","sc":"164.08","place":"14","tier":null,"tier_place":null,"money":null,"points":"0"},{"rowid":"372","outid":"0","pevid":"647","evid":"2706","bbcid":"4151","perf":"100","go":"100","sc":"83.84","place":"32","tier":null,"tier_place":null,"money":null,"points":"0"},{"rowid":"373","outid":"0","pevid":"647","evid":"2706","bbcid":"4169","perf":"100","go":"100","sc":"80.72","place":"35","tier":null,"tier_place":null,"money":null,"points":"0"},{"rowid":"374","outid":"0","pevid":"647","evid":"2706","bbcid":"4171","perf":"100","go":"100","sc":"86.48","place":"21","tier":null,"tier_place":null,"money":null,"points":"0"},{"rowid":"375","outid":"0","pevid":"647","evid":"2706","bbcid":"4190","perf":"100","go":"100","sc":"175.04","place":"8","tier":null,"tier_place":null,"money":"2423.40","points":"0"},{"rowid":"376","outid":"0","pevid":"647","evid":"2706","bbcid":"4192","perf":"100","go":"100","sc":"180.40","place":"1","tier":null,"tier_place":null,"money":"10703.35","points":"0"},{"rowid":"377","outid":"0","pevid":"647","evid":"2706","bbcid":"4194","perf":"100","go":"100","sc":"178.88","place":"2","tier":null,"tier_place":null,"money":"6866.30","points":"0"},{"rowid":"378","outid":"0","pevid":"647","evid":"2706","bbcid":"4454","perf":"100","go":"100","sc":"80.48","place":"36","tier":null,"tier_place":null,"money":null,"points":"0"},{"rowid":"379","outid":"0","pevid":"647","evid":"2706","bbcid":"4501","perf":"100","go":"100","sc":"178.56","place":"3","tier":null,"tier_place":null,"money":"5048.75","points":"0"},{"rowid":"380","outid":"0","pevid":"647","evid":"2706","bbcid":"4540","perf":"100","go":"100","sc":"87.12","place":"16\/17","tier":null,"tier_place":null,"money":null,"points":"0"},{"rowid":"381","outid":"0","pevid":"647","evid":"2706","bbcid":"4585","perf":"100","go":"100","sc":"177.68","place":"5","tier":null,"tier_place":null,"money":"3433.15","points":"0"},{"rowid":"382","outid":"0","pevid":"647","evid":"2706","bbcid":"4625","perf":"100","go":"100","sc":"174.64","place":"10","tier":null,"tier_place":null,"money":null,"points":"0"},{"rowid":"383","outid":"0","pevid":"647","evid":"2706","bbcid":"4630","perf":"100","go":"100","sc":"86.56","place":"19\/20","tier":null,"tier_place":null,"money":null,"points":"0"},{"rowid":"384","outid":"0","pevid":"647","evid":"2706","bbcid":"4866","perf":"100","go":"100","sc":"49.52","place":"38","tier":null,"tier_place":null,"money":null,"points":"0"},{"rowid":"385","outid":"0","pevid":"647","evid":"2706","bbcid":"4904","perf":"100","go":"100","sc":"86.72","place":"18","tier":null,"tier_place":null,"money":null,"points":"0"},{"rowid":"386","outid":"0","pevid":"647","evid":"2706","bbcid":"5095","perf":"100","go":"100","sc":"85.68","place":"27\/28","tier":null,"tier_place":null,"money":null,"points":"0"},{"rowid":"387","outid":"0","pevid":"647","evid":"2706","bbcid":"5114","perf":"100","go":"100","sc":"85.28","place":"29","tier":null,"tier_place":null,"money":null,"points":"0"},{"rowid":"388","outid":"0","pevid":"647","evid":"2706","bbcid":"5344","perf":"100","go":"100","sc":"86.00","place":"24\/25","tier":null,"tier_place":null,"money":null,"points":"0"},{"rowid":"389","outid":"0","pevid":"647","evid":"2706","bbcid":"5570","perf":"100","go":"100","sc":"174.40","place":"11","tier":null,"tier_place":null,"money":null,"points":"0"},{"rowid":"390","outid":"0","pevid":"647","evid":"2706","bbcid":"5799","perf":"100","go":"100","sc":"174.80","place":"9","tier":null,"tier_place":null,"money":"2019.50","points":"0"},{"rowid":"391","outid":"0","pevid":"647","evid":"2706","bbcid":"6287","perf":"100","go":"100","sc":"178.08","place":"4","tier":null,"tier_place":null,"money":"4039.00","points":"0"},{"rowid":"392","outid":"0","pevid":"647","evid":"2706","bbcid":"6537","perf":"100","go":"100","sc":"86.00","place":"24\/25","tier":null,"tier_place":null,"money":null,"points":"0"},{"rowid":"393","outid":"0","pevid":"647","evid":"2706","bbcid":"6630","perf":"100","go":"100","sc":"77.50","place":"37","tier":null,"tier_place":null,"money":null,"points":"0"},{"rowid":"394","outid":"0","pevid":"647","evid":"2706","bbcid":"6632","perf":"100","go":"100","sc":"85.76","place":"26","tier":null,"tier_place":null,"money":null,"points":"0"},{"rowid":"395","outid":"0","pevid":"647","evid":"2706","bbcid":"6778","perf":"100","go":"100","sc":"86.08","place":"23","tier":null,"tier_place":null,"money":null,"points":"0"},{"rowid":"396","outid":"0","pevid":"647","evid":"2706","bbcid":"7181","perf":"100","go":"100","sc":"177.04","place":"6","tier":null,"tier_place":null,"money":"3029.25","points":"0"},{"rowid":"397","outid":"0","pevid":"647","evid":"2706","bbcid":"7381","perf":"100","go":"100","sc":"170.72","place":"13","tier":null,"tier_place":null,"money":null,"points":"0"},{"rowid":"398","outid":"0","pevid":"647","evid":"2706","bbcid":"7742","perf":"100","go":"100","sc":"84.72","place":"30","tier":null,"tier_place":null,"money":null,"points":"0"},{"rowid":"399","outid":"0","pevid":"647","evid":"2706","bbcid":"7810","perf":"100","go":"100","sc":"83.52","place":"33","tier":null,"tier_place":null,"money":null,"points":"0"},{"rowid":"400","outid":"0","pevid":"647","evid":"2706","bbcid":"8206","perf":"100","go":"100","sc":"175.60","place":"7","tier":null,"tier_place":null,"money":"2827.30","points":"0"},{"rowid":"401","outid":"0","pevid":"647","evid":"2706","bbcid":"8224","perf":"100","go":"100","sc":"174.32","place":"12","tier":null,"tier_place":null,"money":null,"points":"0"},{"rowid":"402","outid":"0","pevid":"647","evid":"2706","bbcid":"8232","perf":"100","go":"100","sc":"86.56","place":"19\/20","tier":null,"tier_place":null,"money":null,"points":"0"},{"rowid":"403","outid":"0","pevid":"647","evid":"2706","bbcid":"8239","perf":"100","go":"100","sc":"87.12","place":"16\/17","tier":null,"tier_place":null,"money":null,"points":"0"},{"rowid":"404","outid":"0","pevid":"647","evid":"2706","bbcid":"8344","perf":"100","go":"100","sc":"91.12","place":"15","tier":null,"tier_place":null,"money":null,"points":"0"},{"rowid":"405","outid":"0","pevid":"647","evid":"2706","bbcid":"8418","perf":"100","go":"100","sc":"81.92","place":"34","tier":null,"tier_place":null,"money":null,"points":"0"},{"rowid":"406","outid":"0","pevid":"647","evid":"2706","bbcid":"8545","perf":"100","go":"100","sc":"85.68","place":"27\/28","tier":null,"tier_place":null,"money":null,"points":"0"}]