Association Code,Case,Sample ID,Marker,Results
2001396,PR-27694,83018002699,BM1824,180
2001396,PR-27694,83018002699,BM2113,135/141
2001396,PR-27694,83018002699,ETH10,219/223
2001396,PR-27694,83018002699,ETH225,140/146
2001396,PR-27694,83018002699,ETH3,117/119
2001396,PR-27694,83018002699,INRA23,208
2001396,PR-27694,83018002699,SPS115,248
2001396,PR-27694,83018002699,TGLA122,143/149
2001396,PR-27694,83018002699,TGLA126,115/117
2001396,PR-27694,83018002699,TGLA227,91
2001396,PR-27694,83018002699,TGLA53,160/168
2001396,PR-39417,10220000999,BM1824,182
2001396,PR-39417,10220000999,BM2113,129/139
2001396,PR-39417,10220000999,ETH10,219/221
2001396,PR-39417,10220000999,ETH225,146/154
2001396,PR-39417,10220000999,ETH3,115/117
2001396,PR-39417,10220000999,INRA23,214
2001396,PR-39417,10220000999,SPS115,254/256
2001396,PR-39417,10220000999,TGLA122,137/151
2001396,PR-39417,10220000999,TGLA126,115
2001396,PR-39417,10220000999,TGLA227,77
2001396,PR-39417,10220000999,TGLA53,164/166
2001396,PR-39612,10220000998,BM1824,180/182
2001396,PR-39612,10220000998,BM2113,125/141
2001396,PR-39612,10220000998,ETH10,217/221
2001396,PR-39612,10220000998,ETH225,140/158
2001396,PR-39612,10220000998,ETH3,115/117
2001396,PR-39612,10220000998,INRA23,202/204
2001396,PR-39612,10220000998,SPS115,248
2001396,PR-39612,10220000998,TGLA122,137/143
2001396,PR-39612,10220000998,TGLA126,115/123
2001396,PR-39612,10220000998,TGLA227,81/89
2001396,PR-39612,10220000998,TGLA53,162/170
2001396,PR-40243,10220005114,BM1824,188
2001396,PR-40243,10220005114,BM2113,127/135
2001396,PR-40243,10220005114,ETH10,219/221
2001396,PR-40243,10220005114,ETH225,158/160
2001396,PR-40243,10220005114,ETH3,103/117
2001396,PR-40243,10220005114,INRA23,198/214
2001396,PR-40243,10220005114,SPS115,248/254
2001396,PR-40243,10220005114,TGLA122,137/151
2001396,PR-40243,10220005114,TGLA126,115/125
2001396,PR-40243,10220005114,TGLA227,77/87
2001396,PR-40243,10220005114,TGLA53,160/170
2001396,PR-40244,10220005115,BM1824,180
2001396,PR-40244,10220005115,BM2113,135/141
2001396,PR-40244,10220005115,ETH10,217/221
2001396,PR-40244,10220005115,ETH225,148/158
2001396,PR-40244,10220005115,ETH3,117/121
2001396,PR-40244,10220005115,INRA23,208/214
2001396,PR-40244,10220005115,SPS115,254
2001396,PR-40244,10220005115,TGLA122,137/143
2001396,PR-40244,10220005115,TGLA126,115
2001396,PR-40244,10220005115,TGLA227,77/79
2001396,PR-40244,10220005115,TGLA53,160/164
2001396,PR-40245,10220005113,BM1824,178/188
2001396,PR-40245,10220005113,BM2113,135
2001396,PR-40245,10220005113,ETH10,215/221
2001396,PR-40245,10220005113,ETH225,148/158
2001396,PR-40245,10220005113,ETH3,117
2001396,PR-40245,10220005113,INRA23,208/218
2001396,PR-40245,10220005113,SPS115,252/254
2001396,PR-40245,10220005113,TGLA122,151/153
2001396,PR-40245,10220005113,TGLA126,115/117
2001396,PR-40245,10220005113,TGLA227,89/91
2001396,PR-40246,10220005111,BM1824,182/188
2001396,PR-40246,10220005111,BM2113,139
2001396,PR-40246,10220005111,ETH10,217/221
2001396,PR-40246,10220005111,ETH225,140/158
2001396,PR-40246,10220005111,ETH3,117
2001396,PR-40246,10220005111,INRA23,198
2001396,PR-40246,10220005111,SPS115,248
2001396,PR-40246,10220005111,TGLA122,137/151
2001396,PR-40246,10220005111,TGLA126,115/125
2001396,PR-40246,10220005111,TGLA227,77/91
2001396,PR-40246,10220005111,TGLA53,168/170
2001396,PR-40990,83018002373,BM1824,180/182
2001396,PR-40990,83018002373,BM2113,139
2001396,PR-40990,83018002373,ETH10,217/221
2001396,PR-40990,83018002373,ETH225,144/150
2001396,PR-40990,83018002373,ETH3,115/123
2001396,PR-40990,83018002373,INRA23,198
2001396,PR-40990,83018002373,SPS115,246/248
2001396,PR-40990,83018002373,TGLA122,147/151
2001396,PR-40990,83018002373,TGLA126,123/125
2001396,PR-40990,83018002373,TGLA227,81/87
2001396,PR-40991,83018002364,BM1824,182/188
2001396,PR-40991,83018002364,BM2113,139/141
2001396,PR-40991,83018002364,ETH10,213/221
2001396,PR-40991,83018002364,ETH225,144/148
2001396,PR-40991,83018002364,ETH3,115/121
2001396,PR-40991,83018002364,INRA23,208/214
2001396,PR-40991,83018002364,SPS115,246/256
2001396,PR-40991,83018002364,TGLA122,143
2001396,PR-40991,83018002364,TGLA126,115
2001396,PR-40991,83018002364,TGLA227,77/87
2001396,PR-40991,83018002364,TGLA53,160/168
2001396,PR-40992,9419005128,BM1824,182/188
2001396,PR-40992,9419005128,BM2113,141
2001396,PR-40992,9419005128,ETH10,217/219
2001396,PR-40992,9419005128,ETH225,140/148
2001396,PR-40992,9419005128,ETH3,117/121
2001396,PR-40992,9419005128,INRA23,204/206
2001396,PR-40992,9419005128,SPS115,246/248
2001396,PR-40992,9419005128,TGLA122,137/151
2001396,PR-40992,9419005128,TGLA126,123/125
2001396,PR-40992,9419005128,TGLA227,77/83
2001396,PR-40992,9419005128,TGLA53,164/184
2001396,PR-40993,9419005143,BM1824,178
2001396,PR-40993,9419005143,BM2113,129/139
2001396,PR-40993,9419005143,ETH10,219
2001396,PR-40993,9419005143,ETH225,140/148
2001396,PR-40993,9419005143,ETH3,117/119
2001396,PR-40993,9419005143,INRA23,206/214
2001396,PR-40993,9419005143,SPS115,248/254
2001396,PR-40993,9419005143,TGLA122,153
2001396,PR-40993,9419005143,TGLA126,115/125
2001396,PR-40993,9419005143,TGLA227,81/83
2001396,PR-40993,9419005143,TGLA53,164/184
2001396,PR-40994,9419005142,BM1824,178/188
2001396,PR-40994,9419005142,BM2113,139/141
2001396,PR-40994,9419005142,ETH10,219/221
2001396,PR-40994,9419005142,ETH225,154
2001396,PR-40994,9419005142,ETH3,103
2001396,PR-40994,9419005142,INRA23,206/214
2001396,PR-40994,9419005142,SPS115,248
2001396,PR-40994,9419005142,TGLA122,143/145
2001396,PR-40994,9419005142,TGLA126,115
2001396,PR-40994,9419005142,TGLA227,89
2001396,PR-40994,9419005142,TGLA53,162/178
2001396,PR-40995,9419005124,BM1824,180/188
2001396,PR-40995,9419005124,BM2113,125/141
2001396,PR-40995,9419005124,ETH10,209/219
2001396,PR-40995,9419005124,ETH225,158
2001396,PR-40995,9419005124,ETH3,115/117
2001396,PR-40995,9419005124,INRA23,208
2001396,PR-40995,9419005124,SPS115,248/260
2001396,PR-40995,9419005124,TGLA122,145/167
2001396,PR-40995,9419005124,TGLA126,115/125
2001396,PR-40995,9419005124,TGLA227,77/87
2001396,PR-40995,9419005124,TGLA53,160/170
2001396,PR-40996,9419005136,BM1824,178/182
2001396,PR-40996,9419005136,BM2113,141
2001396,PR-40996,9419005136,ETH10,217/223
2001396,PR-40996,9419005136,ETH225,144/154
2001396,PR-40996,9419005136,ETH3,117
2001396,PR-40996,9419005136,INRA23,206/208
2001396,PR-40996,9419005136,SPS115,248/254
2001396,PR-40996,9419005136,TGLA122,137/153
2001396,PR-40996,9419005136,TGLA126,115/125
2001396,PR-40996,9419005136,TGLA227,83
2001396,PR-40996,9419005136,TGLA53,160/164
2001396,PR-40997,9419005123,BM1824,178
2001396,PR-40997,9419005123,BM2113,139/141
2001396,PR-40997,9419005123,ETH10,217/219
2001396,PR-40997,9419005123,ETH225,154
2001396,PR-40997,9419005123,ETH3,103/121
2001396,PR-40997,9419005123,INRA23,206/208
2001396,PR-40997,9419005123,SPS115,248/254
2001396,PR-40997,9419005123,TGLA122,151/153
2001396,PR-40997,9419005123,TGLA126,115/123
2001396,PR-40997,9419005123,TGLA227,83
2001396,PR-40998,9419005112,BM1824,178/182
2001396,PR-40998,9419005112,BM2113,125/139
2001396,PR-40998,9419005112,ETH10,221/223
2001396,PR-40998,9419005112,ETH225,148
2001396,PR-40998,9419005112,ETH3,117
2001396,PR-40998,9419005112,INRA23,198/214
2001396,PR-40998,9419005112,SPS115,246/248
2001396,PR-40998,9419005112,TGLA122,137/143
2001396,PR-40998,9419005112,TGLA126,117/125
2001396,PR-40998,9419005112,TGLA227,77/81
2001396,PR-40998,9419005112,TGLA53,160/164
2001396,PR-40999,9419005129,BM1824,178/180
2001396,PR-40999,9419005129,BM2113,125/135
2001396,PR-40999,9419005129,ETH10,223
2001396,PR-40999,9419005129,ETH225,148/158
2001396,PR-40999,9419005129,ETH3,117
2001396,PR-40999,9419005129,INRA23,214/218
2001396,PR-40999,9419005129,SPS115,248/260
2001396,PR-40999,9419005129,TGLA122,143/167
2001396,PR-40999,9419005129,TGLA126,115/125
2001396,PR-40999,9419005129,TGLA227,77/89
2001396,PR-40999,9419005129,TGLA53,160/162
2001396,PR-41000,9419005127,BM1824,178/188
2001396,PR-41000,9419005127,BM2113,129/141
2001396,PR-41000,9419005127,ETH10,221
2001396,PR-41000,9419005127,ETH225,148/154
2001396,PR-41000,9419005127,ETH3,103/119
2001396,PR-41000,9419005127,INRA23,200/206
2001396,PR-41000,9419005127,SPS115,246
2001396,PR-41000,9419005127,TGLA122,143/151
2001396,PR-41000,9419005127,TGLA126,123
2001396,PR-41000,9419005127,TGLA227,77
2001396,PR-41000,9419005127,TGLA53,160/184
2001396,PR-41001,83018002356,BM1824,188
2001396,PR-41001,83018002356,BM2113,133/139
2001396,PR-41001,83018002356,ETH10,209/219
2001396,PR-41001,83018002356,ETH225,148
2001396,PR-41001,83018002356,ETH3,115/121
2001396,PR-41001,83018002356,TGLA122,143/145
2001396,PR-41001,83018002356,TGLA126,115/125
2001396,PR-41001,83018002356,TGLA227,81
2001396,PR-41002,9419005103,BM1824,178/180
2001396,PR-41002,9419005103,BM2113,129/141
2001396,PR-41002,9419005103,ETH10,213/221
2001396,PR-41002,9419005103,ETH225,140/144
2001396,PR-41002,9419005103,ETH3,103/119
2001396,PR-41002,9419005103,INRA23,206/208
2001396,PR-41002,9419005103,SPS115,246/248
2001396,PR-41002,9419005103,TGLA122,151
2001396,PR-41002,9419005103,TGLA126,115/123
2001396,PR-41002,9419005103,TGLA227,77
2001396,PR-41002,9419005103,TGLA53,168/184
2001396,PR-41505,3619000739,BM1824,188
2001396,PR-41505,3619000739,BM2113,125/131
2001396,PR-41505,3619000739,ETH10,217/221
2001396,PR-41505,3619000739,ETH225,148
2001396,PR-41505,3619000739,ETH3,115/117
2001396,PR-41505,3619000739,INRA23,198/214
2001396,PR-41505,3619000739,SPS115,246/256
2001396,PR-41505,3619000739,TGLA122,151/161
2001396,PR-41505,3619000739,TGLA126,115/123
2001396,PR-41505,3619000739,TGLA227,83/87
2001396,PR-41505,3619000739,TGLA53,160/162
2001396,PR-41582,10220000768,BM1824,182/188
2001396,PR-41582,10220000768,BM2113,135/139
2001396,PR-41582,10220000768,ETH10,213/221
2001396,PR-41582,10220000768,ETH225,150/158
2001396,PR-41582,10220000768,ETH3,115/117
2001396,PR-41582,10220000768,INRA23,206/208
2001396,PR-41582,10220000768,SPS115,248/260
2001396,PR-41582,10220000768,TGLA122,161/167
2001396,PR-41582,10220000768,TGLA126,115/121
2001396,PR-41582,10220000768,TGLA227,77/81
2001396,PR-41582,10220000768,TGLA53,162/170
2001396,PR-41583,10220000764,BM1824,182
2001396,PR-41583,10220000764,BM2113,139/141
2001396,PR-41583,10220000764,ETH10,215/219
2001396,PR-41583,10220000764,ETH225,158
2001396,PR-41583,10220000764,ETH3,115/117
2001396,PR-41583,10220000764,INRA23,206/214
2001396,PR-41583,10220000764,SPS115,248/252
2001396,PR-41583,10220000764,TGLA122,149/167
2001396,PR-41583,10220000764,TGLA126,115
2001396,PR-41583,10220000764,TGLA227,81/87
2001396,PR-41583,10220000764,TGLA53,160/168
2001396,PR-41584,10220000766,BM1824,178/182
2001396,PR-41584,10220000766,BM2113,135/139
2001396,PR-41584,10220000766,ETH10,219/221
2001396,PR-41584,10220000766,ETH225,148/154
2001396,PR-41584,10220000766,ETH3,117
2001396,PR-41584,10220000766,INRA23,214
2001396,PR-41584,10220000766,SPS115,248/260
2001396,PR-41584,10220000766,TGLA122,151/167
2001396,PR-41584,10220000766,TGLA126,115/121
2001396,PR-41584,10220000766,TGLA227,77/81
2001396,PR-41584,10220000766,TGLA53,168/170
2001396,PR-41585,10220000770,BM1824,182
2001396,PR-41585,10220000770,BM2113,127/139
2001396,PR-41585,10220000770,ETH10,221
2001396,PR-41585,10220000770,ETH225,150/158
2001396,PR-41585,10220000770,ETH3,117/119
2001396,PR-41585,10220000770,INRA23,206
2001396,PR-41585,10220000770,SPS115,252/254
2001396,PR-41585,10220000770,TGLA122,143/151
2001396,PR-41585,10220000770,TGLA126,115/117
2001396,PR-41585,10220000770,TGLA227,77/89
2001396,PR-41585,10220000770,TGLA53,160/168
2001396,PR-41586,10220000761,BM1824,182
2001396,PR-41586,10220000761,BM2113,133/141
2001396,PR-41586,10220000761,ETH10,215/221
2001396,PR-41586,10220000761,ETH225,148/158
2001396,PR-41586,10220000761,ETH3,103/125
2001396,PR-41586,10220000761,INRA23,214
2001396,PR-41586,10220000761,SPS115,248/260
2001396,PR-41586,10220000761,TGLA122,143/167
2001396,PR-41586,10220000761,TGLA126,115
2001396,PR-41586,10220000761,TGLA227,77
2001396,PR-41587,10120003717,BM1824,188
2001396,PR-41587,10120003717,BM2113,125/141
2001396,PR-41587,10120003717,ETH10,217/219
2001396,PR-41587,10120003717,ETH225,146/148
2001396,PR-41587,10120003717,ETH3,117
2001396,PR-41587,10120003717,INRA23,214
2001396,PR-41587,10120003717,SPS115,248
2001396,PR-41587,10120003717,TGLA122,137/177
2001396,PR-41587,10120003717,TGLA227,79/91
2001396,PR-41587,10120003717,TGLA53,160/162
2001396,PR-41588,10120003718,BM1824,180/188
2001396,PR-41588,10120003718,BM2113,137/139
2001396,PR-41588,10120003718,ETH10,217/219
2001396,PR-41588,10120003718,ETH225,148
2001396,PR-41588,10120003718,ETH3,117
2001396,PR-41588,10120003718,INRA23,214
2001396,PR-41588,10120003718,SPS115,248/256
2001396,PR-41588,10120003718,TGLA122,151/177
2001396,PR-41588,10120003718,TGLA126,113/115
2001396,PR-41588,10120003718,TGLA227,81/89
2001396,PR-41588,10120003718,TGLA53,162/176
2001396,PR-41589,10220002647,BM1824,180/182
2001396,PR-41589,10220002647,BM2113,125/135
2001396,PR-41589,10220002647,ETH10,215/221
2001396,PR-41589,10220002647,ETH225,150/158
2001396,PR-41589,10220002647,ETH3,117/119
2001396,PR-41589,10220002647,INRA23,196/214
2001396,PR-41589,10220002647,SPS115,248/250
2001396,PR-41589,10220002647,TGLA122,151/157
2001396,PR-41589,10220002647,TGLA126,115/121
2001396,PR-41589,10220002647,TGLA227,77/93
2001396,PR-41590,10220002608,BM1824,178/182
2001396,PR-41590,10220002608,BM2113,137/141
2001396,PR-41590,10220002608,ETH10,217/221
2001396,PR-41590,10220002608,ETH225,148
2001396,PR-41590,10220002608,ETH3,103/117
2001396,PR-41590,10220002608,INRA23,208/214
2001396,PR-41590,10220002608,SPS115,250/260
2001396,PR-41590,10220002608,TGLA122,151
2001396,PR-41590,10220002608,TGLA126,115
2001396,PR-41590,10220002608,TGLA227,77/83
2001396,PR-41590,10220002608,TGLA53,162/184
2001396,PR-41591,10220002637,BM1824,180/182
2001396,PR-41591,10220002637,BM2113,139/141
2001396,PR-41591,10220002637,ETH10,209/219
2001396,PR-41591,10220002637,ETH225,144/152
2001396,PR-41591,10220002637,ETH3,103/119
2001396,PR-41591,10220002637,INRA23,206/214
2001396,PR-41591,10220002637,SPS115,250
2001396,PR-41591,10220002637,TGLA122,143/161
2001396,PR-41591,10220002637,TGLA126,115
2001396,PR-41591,10220002637,TGLA227,77/83
2001396,PR-41591,10220002637,TGLA53,154/162
2001396,PR-41592,42916126421,BM1824,180/182
2001396,PR-41592,42916126421,BM2113,135/137
2001396,PR-41592,42916126421,ETH10,211/217
2001396,PR-41592,42916126421,ETH225,146
2001396,PR-41592,42916126421,ETH3,115/117
2001396,PR-41592,42916126421,INRA23,206/214
2001396,PR-41592,42916126421,SPS115,246/252
2001396,PR-41592,42916126421,TGLA122,145/161
2001396,PR-41592,42916126421,TGLA126,123/125
2001396,PR-41592,42916126421,TGLA227,77/83
2001396,PR-41592,42916126421,TGLA53,162/168
2001396,PR-41593,42916126422,BM1824,180/182
2001396,PR-41593,42916126422,BM2113,135/137
2001396,PR-41593,42916126422,ETH10,217/221
2001396,PR-41593,42916126422,ETH225,146/148
2001396,PR-41593,42916126422,ETH3,115
2001396,PR-41593,42916126422,INRA23,214/216
2001396,PR-41593,42916126422,SPS115,246/260
2001396,PR-41593,42916126422,TGLA122,143/161
2001396,PR-41593,42916126422,TGLA126,121/123
2001396,PR-41593,42916126422,TGLA227,77/83
2001396,PR-41593,42916126422,TGLA53,154/162
2001396,PR-41594,42916126425,BM1824,180
2001396,PR-41594,42916126425,BM2113,135/137
2001396,PR-41594,42916126425,ETH10,211/225
2001396,PR-41594,42916126425,ETH225,146/148
2001396,PR-41594,42916126425,ETH3,115/117
2001396,PR-41594,42916126425,INRA23,198/214
2001396,PR-41594,42916126425,SPS115,246/252
2001396,PR-41594,42916126425,TGLA122,143/157
2001396,PR-41594,42916126425,TGLA126,115
2001396,PR-41594,42916126425,TGLA227,77
2001396,PR-41605,10220000073,BM1824,178/180
2001396,PR-41605,10220000073,BM2113,125/139
2001396,PR-41605,10220000073,ETH10,209/221
2001396,PR-41605,10220000073,ETH225,140/148
2001396,PR-41605,10220000073,ETH3,117
2001396,PR-41605,10220000073,INRA23,206/208
2001396,PR-41605,10220000073,SPS115,248/260
2001396,PR-41605,10220000073,TGLA122,149/157
2001396,PR-41605,10220000073,TGLA126,115/123
2001396,PR-41605,10220000073,TGLA227,77/97
2001396,PR-41605,10220000073,TGLA53,162/170
2001396,PR-41606,10220000075,BM1824,182/188
2001396,PR-41606,10220000075,BM2113,135/137
2001396,PR-41606,10220000075,ETH10,221
2001396,PR-41606,10220000075,ETH225,146/152
2001396,PR-41606,10220000075,ETH3,117/121
2001396,PR-41606,10220000075,INRA23,208/214
2001396,PR-41606,10220000075,SPS115,248/260
2001396,PR-41606,10220000075,TGLA122,141/151
2001396,PR-41606,10220000075,TGLA126,115/117
2001396,PR-41606,10220000075,TGLA227,77/91
2001396,PR-41606,10220000075,TGLA53,162/170
2001396,PR-41607,9419005096,BM1824,180/182
2001396,PR-41607,9419005096,BM2113,139/141
2001396,PR-41607,9419005096,ETH10,219/221
2001396,PR-41607,9419005096,ETH225,148/150
2001396,PR-41607,9419005096,ETH3,103/121
2001396,PR-41607,9419005096,INRA23,208
2001396,PR-41607,9419005096,SPS115,246
2001396,PR-41607,9419005096,TGLA122,137/143
2001396,PR-41607,9419005096,TGLA126,115
2001396,PR-41607,9419005096,TGLA227,87/91
2001396,PR-41607,9419005096,TGLA53,162/172
2001396,PR-41608,9419005095,BM1824,178/180
2001396,PR-41608,9419005095,BM2113,127/139
2001396,PR-41608,9419005095,ETH10,213/223
2001396,PR-41608,9419005095,ETH225,152/158
2001396,PR-41608,9419005095,ETH3,115/117
2001396,PR-41608,9419005095,INRA23,206/214
2001396,PR-41608,9419005095,SPS115,246
2001396,PR-41608,9419005095,TGLA122,149/151
2001396,PR-41608,9419005095,TGLA126,115/123
2001396,PR-41608,9419005095,TGLA227,89/91
2001396,PR-41608,9419005095,TGLA53,160/162
2001396,PR-41609,9419005094,BM1824,188
2001396,PR-41609,9419005094,BM2113,127/139
2001396,PR-41609,9419005094,ETH10,219/221
2001396,PR-41609,9419005094,ETH225,148/154
2001396,PR-41609,9419005094,ETH3,119/121
2001396,PR-41609,9419005094,INRA23,214
2001396,PR-41609,9419005094,SPS115,246/260
2001396,PR-41609,9419005094,TGLA122,143/147
2001396,PR-41609,9419005094,TGLA126,115/125
2001396,PR-41609,9419005094,TGLA227,77/81
2001396,PR-41609,9419005094,TGLA53,162/168
2001396,PR-41610,9419005092,BM1824,182/188
2001396,PR-41610,9419005092,BM2113,135/139
2001396,PR-41610,9419005092,ETH10,219/221
2001396,PR-41610,9419005092,ETH225,150/154
2001396,PR-41610,9419005092,ETH3,115/121
2001396,PR-41610,9419005092,INRA23,208
2001396,PR-41610,9419005092,SPS115,246/254
2001396,PR-41610,9419005092,TGLA122,143/151
2001396,PR-41610,9419005092,TGLA126,115
2001396,PR-41610,9419005092,TGLA227,87/91
2001396,PR-41610,9419005092,TGLA53,160/162
2001396,PR-41654,9419005091,BM1824,180/182
2001396,PR-41654,9419005091,BM2113,139/143
2001396,PR-41654,9419005091,ETH10,217/221
2001396,PR-41654,9419005091,ETH225,152/158
2001396,PR-41654,9419005091,ETH3,103/115
2001396,PR-41654,9419005091,INRA23,208/214
2001396,PR-41654,9419005091,SPS115,248
2001396,PR-41654,9419005091,TGLA122,145/161
2001396,PR-41654,9419005091,TGLA126,123
2001396,PR-41654,9419005091,TGLA227,87/93
2001396,PR-41654,9419005091,TGLA53,160/162
2001396,PR-41655,9419005090,BM1824,180/182
2001396,PR-41655,9419005090,BM2113,127/135
2001396,PR-41655,9419005090,ETH10,221
2001396,PR-41655,9419005090,ETH225,150/154
2001396,PR-41655,9419005090,ETH3,117/121
2001396,PR-41655,9419005090,INRA23,206/208
2001396,PR-41655,9419005090,SPS115,246/248
2001396,PR-41655,9419005090,TGLA122,143/149
2001396,PR-41655,9419005090,TGLA126,115/125
2001396,PR-41655,9419005090,TGLA227,77/91
2001396,PR-41655,9419005090,TGLA53,162/168
2001396,PR-41656,9419005086,BM1824,188
2001396,PR-41656,9419005086,BM2113,135/139
2001396,PR-41656,9419005086,ETH10,219
2001396,PR-41656,9419005086,ETH225,148/150
2001396,PR-41656,9419005086,ETH3,115/121
2001396,PR-41656,9419005086,INRA23,208
2001396,PR-41656,9419005086,SPS115,246/260
2001396,PR-41656,9419005086,TGLA122,143/151
2001396,PR-41656,9419005086,TGLA126,115/125
2001396,PR-41656,9419005086,TGLA227,87/91
2001396,PR-41656,9419005086,TGLA53,162/170
2001396,PR-41657,9419005089,BM1824,182
2001396,PR-41657,9419005089,BM2113,135/141
2001396,PR-41657,9419005089,ETH10,219/221
2001396,PR-41657,9419005089,ETH225,148
2001396,PR-41657,9419005089,ETH3,115/119
2001396,PR-41657,9419005089,INRA23,208/214
2001396,PR-41657,9419005089,SPS115,246/260
2001396,PR-41657,9419005089,TGLA122,143/161
2001396,PR-41657,9419005089,TGLA126,115/117
2001396,PR-41657,9419005089,TGLA227,77
2001396,PR-41657,9419005089,TGLA53,164/168
2001396,PR-41658,9419005088,BM1824,182/188
2001396,PR-41658,9419005088,BM2113,139/141
2001396,PR-41658,9419005088,ETH10,213/221
2001396,PR-41658,9419005088,ETH225,144/148
2001396,PR-41658,9419005088,ETH3,115/117
2001396,PR-41658,9419005088,INRA23,206/214
2001396,PR-41658,9419005088,SPS115,246/260
2001396,PR-41658,9419005088,TGLA122,145/153
2001396,PR-41658,9419005088,TGLA126,115
2001396,PR-41658,9419005088,TGLA227,89/91
2001396,PR-41658,9419005088,TGLA53,160/172
2001396,PR-41659,9419005087,BM1824,182
2001396,PR-41659,9419005087,BM2113,133/139
2001396,PR-41659,9419005087,ETH10,219/221
2001396,PR-41659,9419005087,ETH225,158
2001396,PR-41659,9419005087,ETH3,115/117
2001396,PR-41659,9419005087,INRA23,204/214
2001396,PR-41659,9419005087,SPS115,248/256
2001396,PR-41659,9419005087,TGLA122,143/151
2001396,PR-41659,9419005087,TGLA126,115/117
2001396,PR-41659,9419005087,TGLA227,77/81
2001396,PR-41659,9419005087,TGLA53,160/168
2001396,PR-41660,9419005085,BM1824,182/188
2001396,PR-41660,9419005085,BM2113,139
2001396,PR-41660,9419005085,ETH10,217/219
2001396,PR-41660,9419005085,ETH225,148/154
2001396,PR-41660,9419005085,ETH3,117/121
2001396,PR-41660,9419005085,INRA23,208/214
2001396,PR-41660,9419005085,SPS115,246/248
2001396,PR-41660,9419005085,TGLA122,143
2001396,PR-41660,9419005085,TGLA126,115/123
2001396,PR-41660,9419005085,TGLA227,77/93
2001396,PR-41660,9419005085,TGLA53,160/168
2001396,PR-41661,9419005084,BM1824,182/188
2001396,PR-41661,9419005084,BM2113,127/139
2001396,PR-41661,9419005084,ETH10,209/221
2001396,PR-41661,9419005084,ETH225,150/154
2001396,PR-41661,9419005084,ETH3,117/121
2001396,PR-41661,9419005084,INRA23,208/214
2001396,PR-41661,9419005084,SPS115,246/248
2001396,PR-41661,9419005084,TGLA122,141/151
2001396,PR-41661,9419005084,TGLA126,115/123
2001396,PR-41661,9419005084,TGLA227,87/91
2001396,PR-41661,9419005084,TGLA53,160/168
2001396,PR-41713,9419004843,BM1824,178/180
2001396,PR-41713,9419004843,BM2113,135/139
2001396,PR-41713,9419004843,ETH10,211/217
2001396,PR-41713,9419004843,ETH225,158/160
2001396,PR-41713,9419004843,ETH3,117/127
2001396,PR-41713,9419004843,INRA23,210/218
2001396,PR-41713,9419004843,SPS115,246/256
2001396,PR-41713,9419004843,TGLA122,145/151
2001396,PR-41713,9419004843,TGLA126,115/125
2001396,PR-41713,9419004843,TGLA227,77/83
2001396,PR-41713,9419004843,TGLA53,160/168
2001396,PR-41714,10220005117,BM1824,180/182
2001396,PR-41714,10220005117,BM2113,125/129
2001396,PR-41714,10220005117,ETH10,215/217
2001396,PR-41714,10220005117,ETH225,144/158
2001396,PR-41714,10220005117,ETH3,115/117
2001396,PR-41714,10220005117,INRA23,208/218
2001396,PR-41714,10220005117,SPS115,252/256
2001396,PR-41714,10220005117,TGLA122,157/161
2001396,PR-41714,10220005117,TGLA126,115/117
2001396,PR-41714,10220005117,TGLA227,83/89
2001396,PR-41722,81020002899,BM1824,180/188
2001396,PR-41722,81020002899,BM2113,135/141
2001396,PR-41722,81020002899,ETH10,221
2001396,PR-41722,81020002899,ETH225,150/158
2001396,PR-41722,81020002899,ETH3,117/119
2001396,PR-41722,81020002899,INRA23,214/216
2001396,PR-41722,81020002899,SPS115,246/248
2001396,PR-41722,81020002899,TGLA122,145/151
2001396,PR-41722,81020002899,TGLA126,115
2001396,PR-41722,81020002899,TGLA227,83
2001396,PR-41723,81020003713,BM1824,188
2001396,PR-41723,81020003713,BM2113,135/141
2001396,PR-41723,81020003713,ETH10,221/223
2001396,PR-41723,81020003713,ETH225,158
2001396,PR-41723,81020003713,ETH3,117
2001396,PR-41723,81020003713,INRA23,208/214
2001396,PR-41723,81020003713,SPS115,248
2001396,PR-41723,81020003713,TGLA122,137/151
2001396,PR-41723,81020003713,TGLA126,115/123
2001396,PR-41723,81020003713,TGLA227,83/91
2001396,PR-41723,81020003713,TGLA53,160/170
2001396,PR-41724,81020003701,BM1824,180/188
2001396,PR-41724,81020003701,BM2113,135/141
2001396,PR-41724,81020003701,ETH10,221
2001396,PR-41724,81020003701,ETH225,148/158
2001396,PR-41724,81020003701,ETH3,117
2001396,PR-41724,81020003701,INRA23,208
2001396,PR-41724,81020003701,SPS115,248/252
2001396,PR-41724,81020003701,TGLA122,143/151
2001396,PR-41724,81020003701,TGLA126,115/123
2001396,PR-41724,81020003701,TGLA227,77/91
2001396,PR-41724,81020003701,TGLA53,166/168
2001396,PR-41725,81020002900,BM1824,182/188
2001396,PR-41725,81020002900,BM2113,133/141
2001396,PR-41725,81020002900,ETH10,221/223
2001396,PR-41725,81020002900,ETH225,148
2001396,PR-41725,81020002900,ETH3,117/121
2001396,PR-41725,81020002900,INRA23,214
2001396,PR-41725,81020002900,SPS115,252/260
2001396,PR-41725,81020002900,TGLA122,143/151
2001396,PR-41725,81020002900,TGLA126,115
2001396,PR-41725,81020002900,TGLA227,83/91
2001396,PR-41725,81020002900,TGLA53,162/168
2001396,PR-41726,81020003702,BM1824,182/188
2001396,PR-41726,81020003702,BM2113,129/141
2001396,PR-41726,81020003702,ETH10,215/221
2001396,PR-41726,81020003702,ETH225,144/158
2001396,PR-41726,81020003702,ETH3,115
2001396,PR-41726,81020003702,INRA23,208
2001396,PR-41726,81020003702,SPS115,248/254
2001396,PR-41726,81020003702,TGLA122,151/153
2001396,PR-41726,81020003702,TGLA126,117/123
2001396,PR-41726,81020003702,TGLA227,77/83
2001396,PR-41726,81020003702,TGLA53,154/160
2001396,PR-41727,81020003712,BM1824,180/188
2001396,PR-41727,81020003712,BM2113,129/133
2001396,PR-41727,81020003712,ETH10,215/223
2001396,PR-41727,81020003712,ETH225,140/144
2001396,PR-41727,81020003712,ETH3,117
2001396,PR-41727,81020003712,INRA23,208/214
2001396,PR-41727,81020003712,SPS115,252/254
2001396,PR-41727,81020003712,TGLA122,143/153
2001396,PR-41727,81020003712,TGLA126,115
2001396,PR-41727,81020003712,TGLA227,81/91
2001396,PR-41727,81020003712,TGLA53,168/170
2001396,PR-41728,81020003711,BM1824,182
2001396,PR-41728,81020003711,BM2113,129/141
2001396,PR-41728,81020003711,ETH10,215/217
2001396,PR-41728,81020003711,ETH225,146/148
2001396,PR-41728,81020003711,ETH3,115/125
2001396,PR-41728,81020003711,INRA23,208/214
2001396,PR-41728,81020003711,SPS115,246/248
2001396,PR-41728,81020003711,TGLA122,145
2001396,PR-41728,81020003711,TGLA126,117/125
2001396,PR-41728,81020003711,TGLA227,83
2001396,PR-41728,81020003711,TGLA53,160/168
2001396,PR-41729,81020003704,BM1824,178/182
2001396,PR-41729,81020003704,BM2113,129/141
2001396,PR-41729,81020003704,ETH10,221/223
2001396,PR-41729,81020003704,ETH225,140/158
2001396,PR-41729,81020003704,ETH3,117/119
2001396,PR-41729,81020003704,INRA23,208/218
2001396,PR-41729,81020003704,SPS115,248/258
2001396,PR-41729,81020003704,TGLA122,145/153
2001396,PR-41729,81020003704,TGLA126,117
2001396,PR-41729,81020003704,TGLA227,81/89
2001396,PR-41729,81020003704,TGLA53,160/166
2001396,PR-41730,81020003710,BM1824,180/182
2001396,PR-41730,81020003710,BM2113,141
2001396,PR-41730,81020003710,ETH10,221
2001396,PR-41730,81020003710,ETH225,140/158
2001396,PR-41730,81020003710,ETH3,115/119
2001396,PR-41730,81020003710,INRA23,214
2001396,PR-41730,81020003710,SPS115,246/248
2001396,PR-41730,81020003710,TGLA122,143/153
2001396,PR-41730,81020003710,TGLA126,115/125
2001396,PR-41730,81020003710,TGLA227,81/89
2001396,PR-41730,81020003710,TGLA53,166/168
2001396,PR-41731,81020003703,BM1824,182/188
2001396,PR-41731,81020003703,BM2113,135/141
2001396,PR-41731,81020003703,ETH10,217/221
2001396,PR-41731,81020003703,ETH225,148/150
2001396,PR-41731,81020003703,ETH3,115/117
2001396,PR-41731,81020003703,INRA23,208/216
2001396,PR-41731,81020003703,SPS115,248/254
2001396,PR-41731,81020003703,TGLA122,137/151
2001396,PR-41731,81020003703,TGLA126,115/117
2001396,PR-41731,81020003703,TGLA227,77/81
2001396,PR-41731,81020003703,TGLA53,160/168
2001396,PR-41732,11618000927,BM1824,182/188
2001396,PR-41732,11618000927,BM2113,135/141
2001396,PR-41732,11618000927,ETH10,215/219
2001396,PR-41732,11618000927,ETH225,158
2001396,PR-41732,11618000927,ETH3,103/117
2001396,PR-41732,11618000927,INRA23,214/218
2001396,PR-41732,11618000927,SPS115,248/256
2001396,PR-41732,11618000927,TGLA122,143/161
2001396,PR-41732,11618000927,TGLA126,115/121
2001396,PR-41732,11618000927,TGLA227,77/83
2001396,PR-41732,11618000927,TGLA53,160/168
2001396,PR-41733,10220000320,BM1824,180
2001396,PR-41733,10220000320,BM2113,135/141
2001396,PR-41733,10220000320,ETH10,219/223
2001396,PR-41733,10220000320,ETH225,146/158
2001396,PR-41733,10220000320,ETH3,121/125
2001396,PR-41733,10220000320,INRA23,198/214
2001396,PR-41733,10220000320,SPS115,248
2001396,PR-41733,10220000320,TGLA122,143/151
2001396,PR-41733,10220000320,TGLA126,115/125
2001396,PR-41733,10220000320,TGLA227,77/83
2001396,PR-41733,10220000320,TGLA53,160/170
2001396,PR-41734,10220000321,BM1824,178
2001396,PR-41734,10220000321,BM2113,127/135
2001396,PR-41734,10220000321,ETH10,209/221
2001396,PR-41734,10220000321,ETH225,150/154
2001396,PR-41734,10220000321,ETH3,115/117
2001396,PR-41734,10220000321,INRA23,196/208
2001396,PR-41734,10220000321,SPS115,248
2001396,PR-41734,10220000321,TGLA122,143/161
2001396,PR-41734,10220000321,TGLA126,121/123
2001396,PR-41734,10220000321,TGLA227,83/89
2001396,PR-41734,10220000321,TGLA53,160/168
2001396,PR-41735,10220000327,BM1824,182
2001396,PR-41735,10220000327,BM2113,137/139
2001396,PR-41735,10220000327,ETH10,213/217
2001396,PR-41735,10220000327,ETH225,140/150
2001396,PR-41735,10220000327,ETH3,117
2001396,PR-41735,10220000327,INRA23,202/214
2001396,PR-41735,10220000327,SPS115,256/260
2001396,PR-41735,10220000327,TGLA122,149/151
2001396,PR-41735,10220000327,TGLA126,115
2001396,PR-41735,10220000327,TGLA227,89
2001396,PR-41735,10220000327,TGLA53,154/160
2001396,PR-41736,10220000323,BM1824,180
2001396,PR-41736,10220000323,BM2113,139/141
2001396,PR-41736,10220000323,ETH10,211/215
2001396,PR-41736,10220000323,ETH225,140/150
2001396,PR-41736,10220000323,ETH3,117
2001396,PR-41736,10220000323,INRA23,196/214
2001396,PR-41736,10220000323,SPS115,252
2001396,PR-41736,10220000323,TGLA122,143
2001396,PR-41736,10220000323,TGLA126,115
2001396,PR-41736,10220000323,TGLA227,77/93
2001396,PR-41736,10220000323,TGLA53,164/168
2001396,PR-41737,10220000322,BM1824,180/188
2001396,PR-41737,10220000322,BM2113,135/139
2001396,PR-41737,10220000322,ETH10,221/223
2001396,PR-41737,10220000322,ETH225,148/154
2001396,PR-41737,10220000322,ETH3,115/117
2001396,PR-41737,10220000322,INRA23,200/214
2001396,PR-41737,10220000322,SPS115,248/252
2001396,PR-41737,10220000322,TGLA122,161/177
2001396,PR-41737,10220000322,TGLA126,123/125
2001396,PR-41737,10220000322,TGLA227,83/91
2001396,PR-41737,10220000322,TGLA53,160/164
2001396,PR-41738,10220000319,BM1824,180/188
2001396,PR-41738,10220000319,BM2113,139/141
2001396,PR-41738,10220000319,ETH10,217/219
2001396,PR-41738,10220000319,ETH225,148
2001396,PR-41738,10220000319,ETH3,103/119
2001396,PR-41738,10220000319,INRA23,202/214
2001396,PR-41738,10220000319,SPS115,252/254
2001396,PR-41738,10220000319,TGLA122,153/161
2001396,PR-41738,10220000319,TGLA126,115/123
2001396,PR-41738,10220000319,TGLA227,77/89
2001396,PR-41738,10220000319,TGLA53,160/162
2001396,PR-41739,10220000317,BM1824,182
2001396,PR-41739,10220000317,BM2113,133/139
2001396,PR-41739,10220000317,ETH10,219/221
2001396,PR-41739,10220000317,ETH225,148/150
2001396,PR-41739,10220000317,ETH3,115/117
2001396,PR-41739,10220000317,INRA23,198/214
2001396,PR-41739,10220000317,SPS115,248
2001396,PR-41739,10220000317,TGLA122,151/161
2001396,PR-41739,10220000317,TGLA126,115/117
2001396,PR-41739,10220000317,TGLA227,83/89
2001396,PR-41740,10220000326,BM1824,180/188
2001396,PR-41740,10220000326,BM2113,135
2001396,PR-41740,10220000326,ETH10,213/219
2001396,PR-41740,10220000326,ETH225,158
2001396,PR-41740,10220000326,ETH3,103/125
2001396,PR-41740,10220000326,INRA23,214
2001396,PR-41740,10220000326,SPS115,248/252
2001396,PR-41740,10220000326,TGLA122,143/151
2001396,PR-41740,10220000326,TGLA126,123/125
2001396,PR-41740,10220000326,TGLA227,77/83
2001396,PR-41741,3619003707,BM1824,182
2001396,PR-41741,3619003707,BM2113,141
2001396,PR-41741,3619003707,ETH10,217/223
2001396,PR-41741,3619003707,ETH225,140/144
2001396,PR-41741,3619003707,ETH3,115/117
2001396,PR-41741,3619003707,INRA23,208
2001396,PR-41741,3619003707,SPS115,248/260
2001396,PR-41741,3619003707,TGLA122,151/169
2001396,PR-41741,3619003707,TGLA126,115/125
2001396,PR-41741,3619003707,TGLA227,77/81
2001396,PR-41741,3619003707,TGLA53,162/168
2001396,PR-41763,10220000004,BM1824,188
2001396,PR-41763,10220000004,BM2113,141
2001396,PR-41763,10220000004,ETH10,213/219
2001396,PR-41763,10220000004,ETH225,140/148
2001396,PR-41763,10220000004,ETH3,103/117
2001396,PR-41763,10220000004,INRA23,198/214
2001396,PR-41763,10220000004,SPS115,248/254
2001396,PR-41763,10220000004,TGLA122,143/145
2001396,PR-41763,10220000004,TGLA126,115/121
2001396,PR-41763,10220000004,TGLA227,77/83
2001396,PR-41764,10220000006,BM1824,180/182
2001396,PR-41764,10220000006,BM2113,139/141
2001396,PR-41764,10220000006,ETH10,219/221
2001396,PR-41764,10220000006,ETH225,150/158
2001396,PR-41764,10220000006,ETH3,103/117
2001396,PR-41764,10220000006,INRA23,206/216
2001396,PR-41764,10220000006,SPS115,252
2001396,PR-41764,10220000006,TGLA122,153/157
2001396,PR-41764,10220000006,TGLA126,115/117
2001396,PR-41764,10220000006,TGLA227,77/83
2001396,PR-41885,9419000298,BM1824,180/182
2001396,PR-41885,9419000298,BM2113,129/139
2001396,PR-41885,9419000298,ETH10,219
2001396,PR-41885,9419000298,ETH225,144/160
2001396,PR-41885,9419000298,ETH3,115/121
2001396,PR-41885,9419000298,INRA23,204/214
2001396,PR-41885,9419000298,SPS115,248/260
2001396,PR-41885,9419000298,TGLA122,145/153
2001396,PR-41885,9419000298,TGLA126,123/125
2001396,PR-41885,9419000298,TGLA227,77/83
2001396,PR-41886,9419000300,BM1824,180/182
2001396,PR-41886,9419000300,BM2113,135/141
2001396,PR-41886,9419000300,ETH10,211/217
2001396,PR-41886,9419000300,ETH225,150/158
2001396,PR-41886,9419000300,ETH3,103/117
2001396,PR-41886,9419000300,INRA23,208/218
2001396,PR-41886,9419000300,SPS115,248
2001396,PR-41886,9419000300,TGLA122,143/153
2001396,PR-41886,9419000300,TGLA126,115/117
2001396,PR-41886,9419000300,TGLA227,77/97
2001396,PR-41886,9419000300,TGLA53,160/168
2001396,PR-41890,11618000137,BM1824,182/188
2001396,PR-41890,11618000137,BM2113,133/135
2001396,PR-41890,11618000137,ETH10,211/221
2001396,PR-41890,11618000137,ETH225,140/158
2001396,PR-41890,11618000137,ETH3,115/117
2001396,PR-41890,11618000137,INRA23,208/214
2001396,PR-41890,11618000137,SPS115,248
2001396,PR-41890,11618000137,TGLA122,145/153
2001396,PR-41890,11618000137,TGLA126,117/123
2001396,PR-41890,11618000137,TGLA227,77/89
2001396,PR-41890,11618000137,TGLA53,162/168
2001396,PR-41892,11618000132,BM1824,178/188
2001396,PR-41892,11618000132,BM2113,135/141
2001396,PR-41892,11618000132,ETH10,217/221
2001396,PR-41892,11618000132,ETH225,140/150
2001396,PR-41892,11618000132,ETH3,115/125
2001396,PR-41892,11618000132,INRA23,206/208
2001396,PR-41892,11618000132,SPS115,248/254
2001396,PR-41892,11618000132,TGLA122,143/145
2001396,PR-41892,11618000132,TGLA126,123
2001396,PR-41892,11618000132,TGLA227,77/83
2001396,PR-41892,11618000132,TGLA53,160/168
2001396,PR-41893,11618000119,BM1824,180/182
2001396,PR-41893,11618000119,BM2113,139/141
2001396,PR-41893,11618000119,ETH10,221
2001396,PR-41893,11618000119,ETH225,144/150
2001396,PR-41893,11618000119,ETH3,117
2001396,PR-41893,11618000119,INRA23,196/208
2001396,PR-41893,11618000119,SPS115,246/256
2001396,PR-41893,11618000119,TGLA122,137/143
2001396,PR-41893,11618000119,TGLA126,115/117
2001396,PR-41893,11618000119,TGLA227,77/89
2001396,PR-41893,11618000119,TGLA53,160/168
2001396,PR-41894,11618000130,BM1824,188
2001396,PR-41894,11618000130,BM2113,135/139
2001396,PR-41894,11618000130,ETH10,217/223
2001396,PR-41894,11618000130,ETH225,140/150
2001396,PR-41894,11618000130,ETH3,119/121
2001396,PR-41894,11618000130,INRA23,208/214
2001396,PR-41894,11618000130,SPS115,254
2001396,PR-41894,11618000130,TGLA122,143/151
2001396,PR-41894,11618000130,TGLA126,117/123
2001396,PR-41894,11618000130,TGLA227,77/83
2001396,PR-41894,11618000130,TGLA53,160/168
2001396,PR-41896,11618000124,BM1824,178/182
2001396,PR-41896,11618000124,BM2113,135
2001396,PR-41896,11618000124,ETH10,215/217
2001396,PR-41896,11618000124,ETH225,140/150
2001396,PR-41896,11618000124,ETH3,119/125
2001396,PR-41896,11618000124,INRA23,206
2001396,PR-41896,11618000124,SPS115,248/254
2001396,PR-41896,11618000124,TGLA122,137/151
2001396,PR-41896,11618000124,TGLA126,121/123
2001396,PR-41896,11618000124,TGLA227,77/83
2001396,PR-41896,11618000124,TGLA53,160/168
2001396,PR-41905,3619000895,BM1824,180
2001396,PR-41905,3619000895,BM2113,125/139
2001396,PR-41905,3619000895,ETH10,209/221
2001396,PR-41905,3619000895,ETH225,148/150
2001396,PR-41905,3619000895,ETH3,119/121
2001396,PR-41905,3619000895,INRA23,206/214
2001396,PR-41905,3619000895,SPS115,252/256
2001396,PR-41905,3619000895,TGLA122,143/169
2001396,PR-41905,3619000895,TGLA126,115/125
2001396,PR-41905,3619000895,TGLA227,89/91
2001396,PR-41906,10220001911,BM1824,182/188
2001396,PR-41906,10220001911,BM2113,133/141
2001396,PR-41906,10220001911,ETH10,213/221
2001396,PR-41906,10220001911,ETH225,144
2001396,PR-41906,10220001911,ETH3,115/117
2001396,PR-41906,10220001911,INRA23,208/214
2001396,PR-41906,10220001911,SPS115,250/252
2001396,PR-41906,10220001911,TGLA122,143/169
2001396,PR-41906,10220001911,TGLA126,123
2001396,PR-41906,10220001911,TGLA227,89/93
2001396,PR-34224,55644205,BM1824,182/188
2001396,PR-34224,55644205,BM2113,139/141
2001396,PR-34224,55644205,ETH10,213/221
2001396,PR-34224,55644205,ETH225,140/148
2001396,PR-34224,55644205,ETH3,103/115
2001396,PR-34224,55644205,INRA23,208
2001396,PR-34224,55644205,SPS115,248/260
2001396,PR-34224,55644205,TGLA122,151/153
2001396,PR-34224,55644205,TGLA126,115/117
2001396,PR-34224,55644205,TGLA227,77/97
2001396,PR-34225,55644210,BM1824,180/182
2001396,PR-34225,55644210,BM2113,137/141
2001396,PR-34225,55644210,ETH10,213/217
2001396,PR-34225,55644210,ETH225,148/150
2001396,PR-34225,55644210,ETH3,117/119
2001396,PR-34225,55644210,INRA23,208/214
2001396,PR-34225,55644210,SPS115,254/256
2001396,PR-34225,55644210,TGLA122,143/151
2001396,PR-34225,55644210,TGLA126,115/121
2001396,PR-34225,55644210,TGLA227,83/91
2001396,PR-34225,55644210,TGLA53,154/168
2001396,PR-40353,82918000088,BM1824,188
2001396,PR-40353,82918000088,BM2113,135
2001396,PR-40353,82918000088,ETH10,217/219
2001396,PR-40353,82918000088,ETH225,148
2001396,PR-40353,82918000088,ETH3,119/125
2001396,PR-40353,82918000088,INRA23,198
2001396,PR-40353,82918000088,SPS115,248
2001396,PR-40353,82918000088,TGLA122,153/161
2001396,PR-40353,82918000088,TGLA126,119/123
2001396,PR-40353,82918000088,TGLA227,77/89
2001396,PR-40353,82918000088,TGLA53,160/168
2001396,PR-40354,82918000087,BM1824,188
2001396,PR-40354,82918000087,BM2113,135/139
2001396,PR-40354,82918000087,ETH10,219
2001396,PR-40354,82918000087,ETH225,148/150
2001396,PR-40354,82918000087,ETH3,117
2001396,PR-40354,82918000087,TGLA122,153
2001396,PR-40354,82918000087,TGLA126,115/119
2001396,PR-40354,82918000087,TGLA227,77/91
2001396,PR-40355,82918000086,BM1824,182
2001396,PR-40355,82918000086,BM2113,135/139
2001396,PR-40355,82918000086,ETH10,211/217
2001396,PR-40355,82918000086,ETH225,144/146
2001396,PR-40355,82918000086,ETH3,117
2001396,PR-40355,82918000086,INRA23,208/214
2001396,PR-40355,82918000086,SPS115,246
2001396,PR-40355,82918000086,TGLA122,151/153
2001396,PR-40355,82918000086,TGLA126,115/125
2001396,PR-40355,82918000086,TGLA227,83/87
2001396,PR-40355,82918000086,TGLA53,166/170
2001396,PR-41602,55272864,BM1824,180/182
2001396,PR-41602,55272864,BM2113,139/141
2001396,PR-41602,55272864,ETH10,209/221
2001396,PR-41602,55272864,ETH225,150/158
2001396,PR-41602,55272864,ETH3,115/117
2001396,PR-41602,55272864,INRA23,208/214
2001396,PR-41602,55272864,SPS115,246/248
2001396,PR-41602,55272864,TGLA122,145/151
2001396,PR-41602,55272864,TGLA126,115/123
2001396,PR-41602,55272864,TGLA227,81/91
2001396,PR-41603,55281845,BM1824,180/188
2001396,PR-41603,55281845,BM2113,129/139
2001396,PR-41603,55281845,ETH10,221/223
2001396,PR-41603,55281845,ETH225,148/158
2001396,PR-41603,55281845,ETH3,117/119
2001396,PR-41603,55281845,SPS115,246/248
2001396,PR-41603,55281845,TGLA122,143/153
2001396,PR-41603,55281845,TGLA126,123
2001396,PR-41603,55281845,TGLA227,83/91
2001396,PR-41604,55265588,BM1824,182/188
2001396,PR-41604,55265588,BM2113,135/139
2001396,PR-41604,55265588,ETH10,221
2001396,PR-41604,55265588,ETH225,158
2001396,PR-41604,55265588,ETH3,117
2001396,PR-41604,55265588,INRA23,198
2001396,PR-41604,55265588,TGLA122,143/153
2001396,PR-41604,55265588,TGLA126,121/123
2001396,PR-41604,55265588,TGLA227,77/83
2001396,PR-41604,55265588,TGLA53,160/164
2001396,PR-41611,9319004381,BM1824,180/182
2001396,PR-41611,9319004381,BM2113,135
2001396,PR-41611,9319004381,ETH10,211/217
2001396,PR-41611,9319004381,ETH225,144/154
2001396,PR-41611,9319004381,ETH3,117/119
2001396,PR-41611,9319004381,INRA23,198/208
2001396,PR-41611,9319004381,SPS115,248/252
2001396,PR-41611,9319004381,TGLA122,143
2001396,PR-41611,9319004381,TGLA126,115/125
2001396,PR-41611,9319004381,TGLA227,77/79
2001396,PR-41611,9319004381,TGLA53,162/172
2001396,PR-41612,9319004376,BM1824,180/188
2001396,PR-41612,9319004376,BM2113,133/141
2001396,PR-41612,9319004376,ETH10,219/223
2001396,PR-41612,9319004376,ETH225,148
2001396,PR-41612,9319004376,ETH3,103/119
2001396,PR-41612,9319004376,INRA23,208/214
2001396,PR-41612,9319004376,SPS115,248
2001396,PR-41612,9319004376,TGLA122,137/145
2001396,PR-41612,9319004376,TGLA126,121/125
2001396,PR-41612,9319004376,TGLA227,87/89
2001396,PR-41612,9319004376,TGLA53,164/166
2001396,PR-41613,9319004370,BM1824,182/188
2001396,PR-41613,9319004370,BM2113,125/141
2001396,PR-41613,9319004370,ETH10,215/223
2001396,PR-41613,9319004370,ETH225,140/148
2001396,PR-41613,9319004370,ETH3,115/119
2001396,PR-41613,9319004370,INRA23,208/214
2001396,PR-41613,9319004370,SPS115,246/248
2001396,PR-41613,9319004370,TGLA122,137/145
2001396,PR-41613,9319004370,TGLA126,125
2001396,PR-41613,9319004370,TGLA227,81/87
2001396,PR-41613,9319004370,TGLA53,160/164
2001396,PR-41614,9319004368,BM1824,180/188
2001396,PR-41614,9319004368,BM2113,127/141
2001396,PR-41614,9319004368,ETH10,209/223
2001396,PR-41614,9319004368,ETH225,148
2001396,PR-41614,9319004368,ETH3,115/119
2001396,PR-41614,9319004368,INRA23,196/208
2001396,PR-41614,9319004368,SPS115,248/250
2001396,PR-41614,9319004368,TGLA122,137/143
2001396,PR-41614,9319004368,TGLA126,125
2001396,PR-41614,9319004368,TGLA227,81/87
2001396,PR-41614,9319004368,TGLA53,166/170
2001396,PR-41615,9319004374,BM1824,180/188
2001396,PR-41615,9319004374,BM2113,135/141
2001396,PR-41615,9319004374,ETH10,215/223
2001396,PR-41615,9319004374,ETH225,148
2001396,PR-41615,9319004374,ETH3,115/119
2001396,PR-41615,9319004374,INRA23,208/210
2001396,PR-41615,9319004374,SPS115,248/254
2001396,PR-41615,9319004374,TGLA122,145/151
2001396,PR-41615,9319004374,TGLA126,121/125
2001396,PR-41615,9319004374,TGLA227,89/91
2001396,PR-41615,9319004374,TGLA53,164/166
2001396,PR-41616,9319004367,BM1824,180
2001396,PR-41616,9319004367,BM2113,139/141
2001396,PR-41616,9319004367,ETH10,217/223
2001396,PR-41616,9319004367,ETH225,144/148
2001396,PR-41616,9319004367,ETH3,117/123
2001396,PR-41616,9319004367,INRA23,206/208
2001396,PR-41616,9319004367,SPS115,246/248
2001396,PR-41616,9319004367,TGLA122,145/153
2001396,PR-41616,9319004367,TGLA126,125
2001396,PR-41616,9319004367,TGLA227,77/87
2001396,PR-41616,9319004367,TGLA53,164/184
2001396,PR-41617,10120003751,BM1824,180/188
2001396,PR-41617,10120003751,BM2113,135/141
2001396,PR-41617,10120003751,ETH10,221/223
2001396,PR-41617,10120003751,ETH225,148
2001396,PR-41617,10120003751,ETH3,117/119
2001396,PR-41617,10120003751,INRA23,206/208
2001396,PR-41617,10120003751,SPS115,246/248
2001396,PR-41617,10120003751,TGLA122,145/153
2001396,PR-41617,10120003751,TGLA126,117/125
2001396,PR-41617,10120003751,TGLA227,89/93
2001396,PR-41617,10120003751,TGLA53,162/166
2001396,PR-41618,9319004373,BM1824,180/182
2001396,PR-41618,9319004373,BM2113,135/141
2001396,PR-41618,9319004373,ETH10,211/223
2001396,PR-41618,9319004373,ETH225,144/148
2001396,PR-41618,9319004373,ETH3,117/123
2001396,PR-41618,9319004373,INRA23,208
2001396,PR-41618,9319004373,SPS115,248
2001396,PR-41618,9319004373,TGLA122,137/145
2001396,PR-41618,9319004373,TGLA126,115/125
2001396,PR-41618,9319004373,TGLA227,77/89
2001396,PR-41618,9319004373,TGLA53,160/164
2001396,PR-41619,10120003785,BM1824,180/182
2001396,PR-41619,10120003785,BM2113,129/137
2001396,PR-41619,10120003785,ETH10,219/221
2001396,PR-41619,10120003785,ETH225,148/158
2001396,PR-41619,10120003785,ETH3,115/117
2001396,PR-41619,10120003785,INRA23,204/208
2001396,PR-41619,10120003785,SPS115,246/248
2001396,PR-41619,10120003785,TGLA122,143
2001396,PR-41619,10120003785,TGLA126,117/121
2001396,PR-41619,10120003785,TGLA227,83
2001396,PR-41619,10120003785,TGLA53,160/172
2001396,PR-41620,9319004375,BM1824,188
2001396,PR-41620,9319004375,BM2113,133/141
2001396,PR-41620,9319004375,ETH10,215/223
2001396,PR-41620,9319004375,ETH225,148/158
2001396,PR-41620,9319004375,ETH3,117/123
2001396,PR-41620,9319004375,INRA23,208/214
2001396,PR-41620,9319004375,SPS115,246/248
2001396,PR-41620,9319004375,TGLA122,145/151
2001396,PR-41620,9319004375,TGLA126,115/125
2001396,PR-41620,9319004375,TGLA227,87/91
2001396,PR-41620,9319004375,TGLA53,166/168
2001396,PR-41621,9319004371,BM1824,180/188
2001396,PR-41621,9319004371,BM2113,135/141
2001396,PR-41621,9319004371,ETH10,219/223
2001396,PR-41621,9319004371,ETH225,148
2001396,PR-41621,9319004371,ETH3,119
2001396,PR-41621,9319004371,INRA23,208
2001396,PR-41621,9319004371,SPS115,246/248
2001396,PR-41621,9319004371,TGLA122,137
2001396,PR-41621,9319004371,TGLA126,117/125
2001396,PR-41621,9319004371,TGLA227,77/89
2001396,PR-41621,9319004371,TGLA53,164/168
2001396,PR-41622,9319004372,BM1824,178/180
2001396,PR-41622,9319004372,BM2113,133/135
2001396,PR-41622,9319004372,ETH10,217/221
2001396,PR-41622,9319004372,ETH225,146/148
2001396,PR-41622,9319004372,ETH3,117
2001396,PR-41622,9319004372,INRA23,208
2001396,PR-41622,9319004372,SPS115,246/260
2001396,PR-41622,9319004372,TGLA122,143/147
2001396,PR-41622,9319004372,TGLA126,117
2001396,PR-41622,9319004372,TGLA227,91
2001396,PR-41622,9319004372,TGLA53,160/184
2001396,PR-41623,9319004369,BM1824,180
2001396,PR-41623,9319004369,BM2113,127/141
2001396,PR-41623,9319004369,ETH10,217/219
2001396,PR-41623,9319004369,ETH225,148
2001396,PR-41623,9319004369,ETH3,115/119
2001396,PR-41623,9319004369,INRA23,208
2001396,PR-41623,9319004369,SPS115,248/256
2001396,PR-41623,9319004369,TGLA122,137/153
2001396,PR-41623,9319004369,TGLA126,115/125
2001396,PR-41623,9319004369,TGLA227,89/91
2001396,PR-41623,9319004369,TGLA53,162/164
2001396,PR-41652,9319004151,BM1824,178/188
2001396,PR-41652,9319004151,BM2113,135/141
2001396,PR-41652,9319004151,ETH10,211/219
2001396,PR-41652,9319004151,ETH225,146/160
2001396,PR-41652,9319004151,ETH3,115/123
2001396,PR-41652,9319004151,INRA23,208/214
2001396,PR-41652,9319004151,SPS115,248
2001396,PR-41652,9319004151,TGLA122,137/151
2001396,PR-41652,9319004151,TGLA126,117/123
2001396,PR-41652,9319004151,TGLA227,77/93
2001396,PR-41652,9319004151,TGLA53,162/172
2001396,PR-41653,9319004150,BM1824,182/190
2001396,PR-41653,9319004150,BM2113,129/141
2001396,PR-41653,9319004150,ETH10,215/219
2001396,PR-41653,9319004150,ETH225,144/158
2001396,PR-41653,9319004150,ETH3,117/121
2001396,PR-41653,9319004150,INRA23,206/208
2001396,PR-41653,9319004150,SPS115,246/248
2001396,PR-41653,9319004150,TGLA122,145/157
2001396,PR-41653,9319004150,TGLA126,115/123
2001396,PR-41653,9319004150,TGLA227,77/79
2001396,PR-41653,9319004150,TGLA53,160/168
2001396,PR-41662,10120000622,BM1824,178/182
2001396,PR-41662,10120000622,BM2113,133/135
2001396,PR-41662,10120000622,ETH10,211/219
2001396,PR-41662,10120000622,ETH225,148
2001396,PR-41662,10120000622,ETH3,119/123
2001396,PR-41662,10120000622,INRA23,202/214
2001396,PR-41662,10120000622,SPS115,248
2001396,PR-41662,10120000622,TGLA122,143/153
2001396,PR-41662,10120000622,TGLA126,123/125
2001396,PR-41662,10120000622,TGLA227,83/89
2001396,PR-41662,10120000622,TGLA53,160/162
2001396,PR-41663,10120000623,BM1824,180/188
2001396,PR-41663,10120000623,BM2113,127/141
2001396,PR-41663,10120000623,ETH10,217
2001396,PR-41663,10120000623,ETH225,140/150
2001396,PR-41663,10120000623,ETH3,117/121
2001396,PR-41663,10120000623,INRA23,198/214
2001396,PR-41663,10120000623,SPS115,256/260
2001396,PR-41663,10120000623,TGLA122,143/167
2001396,PR-41663,10120000623,TGLA126,115/119
2001396,PR-41663,10120000623,TGLA227,77/89
2001396,PR-41663,10120000623,TGLA53,168/172
2001396,PR-41664,10120000652,BM1824,188
2001396,PR-41664,10120000652,BM2113,127/141
2001396,PR-41664,10120000652,ETH10,217/221
2001396,PR-41664,10120000652,ETH225,150/154
2001396,PR-41664,10120000652,ETH3,103/115
2001396,PR-41664,10120000652,INRA23,198/208
2001396,PR-41664,10120000652,SPS115,254/260
2001396,PR-41664,10120000652,TGLA122,145/151
2001396,PR-41664,10120000652,TGLA126,119/123
2001396,PR-41664,10120000652,TGLA227,77/87
2001396,PR-41664,10120000652,TGLA53,170/172
2001396,PR-41665,10120000615,BM1824,180/182
2001396,PR-41665,10120000615,BM2113,135
2001396,PR-41665,10120000615,ETH10,211/221
2001396,PR-41665,10120000615,ETH225,140/148
2001396,PR-41665,10120000615,ETH3,115/117
2001396,PR-41665,10120000615,INRA23,198/214
2001396,PR-41665,10120000615,SPS115,248
2001396,PR-41665,10120000615,TGLA122,143/149
2001396,PR-41665,10120000615,TGLA126,119/123
2001396,PR-41665,10120000615,TGLA227,83/89
2001396,PR-41665,10120000615,TGLA53,160/168
2001396,PR-41666,10120000636,BM1824,180/190
2001396,PR-41666,10120000636,BM2113,129/139
2001396,PR-41666,10120000636,ETH10,221/223
2001396,PR-41666,10120000636,ETH225,144/160
2001396,PR-41666,10120000636,ETH3,115/119
2001396,PR-41666,10120000636,INRA23,200/208
2001396,PR-41666,10120000636,SPS115,248
2001396,PR-41666,10120000636,TGLA122,153
2001396,PR-41666,10120000636,TGLA126,115/125
2001396,PR-41666,10120000636,TGLA227,83/87
2001396,PR-41667,10120000635,BM1824,182
2001396,PR-41667,10120000635,BM2113,127
2001396,PR-41667,10120000635,ETH10,211/223
2001396,PR-41667,10120000635,ETH225,148/158
2001396,PR-41667,10120000635,ETH3,115/119
2001396,PR-41667,10120000635,INRA23,204/208
2001396,PR-41667,10120000635,SPS115,248
2001396,PR-41667,10120000635,TGLA122,143/153
2001396,PR-41667,10120000635,TGLA126,115/123
2001396,PR-41667,10120000635,TGLA227,81/89
2001396,PR-41668,10120000618,BM1824,178/182
2001396,PR-41668,10120000618,BM2113,135/141
2001396,PR-41668,10120000618,ETH10,211/221
2001396,PR-41668,10120000618,ETH225,140/158
2001396,PR-41668,10120000618,ETH3,115/117
2001396,PR-41668,10120000618,INRA23,208/214
2001396,PR-41668,10120000618,SPS115,248/256
2001396,PR-41668,10120000618,TGLA122,143/151
2001396,PR-41668,10120000618,TGLA126,123/125
2001396,PR-41668,10120000618,TGLA227,81
2001396,PR-41668,10120000618,TGLA53,160/168
2001396,PR-41669,10120000624,BM1824,180/188
2001396,PR-41669,10120000624,BM2113,133/139
2001396,PR-41669,10120000624,ETH10,221
2001396,PR-41669,10120000624,ETH225,146/158
2001396,PR-41669,10120000624,ETH3,119/125
2001396,PR-41669,10120000624,INRA23,200/208
2001396,PR-41669,10120000624,SPS115,248
2001396,PR-41669,10120000624,TGLA122,145/153
2001396,PR-41669,10120000624,TGLA126,115
2001396,PR-41669,10120000624,TGLA227,83/87
2001396,PR-41669,10120000624,TGLA53,166/168
2001396,PR-41670,10120000632,BM1824,178/182
2001396,PR-41670,10120000632,BM2113,129/135
2001396,PR-41670,10120000632,ETH10,211/221
2001396,PR-41670,10120000632,ETH225,140/148
2001396,PR-41670,10120000632,ETH3,115/119
2001396,PR-41670,10120000632,INRA23,198/208
2001396,PR-41670,10120000632,SPS115,248
2001396,PR-41670,10120000632,TGLA122,143/145
2001396,PR-41670,10120000632,TGLA126,123/125
2001396,PR-41670,10120000632,TGLA227,77/81
2001396,PR-41670,10120000632,TGLA53,160/168
2001396,PR-41671,10120000628,BM1824,180/188
2001396,PR-41671,10120000628,BM2113,135/141
2001396,PR-41671,10120000628,ETH10,221/223
2001396,PR-41671,10120000628,ETH225,148/150
2001396,PR-41671,10120000628,ETH3,117
2001396,PR-41671,10120000628,INRA23,206/214
2001396,PR-41671,10120000628,SPS115,248/252
2001396,PR-41671,10120000628,TGLA122,137/151
2001396,PR-41671,10120000628,TGLA126,117/119
2001396,PR-41671,10120000628,TGLA227,77/83
2001396,PR-41671,10120000628,TGLA53,160/170
2001396,PR-41672,10120001576,BM1824,180/188
2001396,PR-41672,10120001576,BM2113,127/137
2001396,PR-41672,10120001576,ETH10,209/217
2001396,PR-41672,10120001576,ETH225,158
2001396,PR-41672,10120001576,ETH3,115/117
2001396,PR-41672,10120001576,INRA23,208/214
2001396,PR-41672,10120001576,SPS115,252/254
2001396,PR-41672,10120001576,TGLA122,143
2001396,PR-41672,10120001576,TGLA126,115/117
2001396,PR-41672,10120001576,TGLA227,83/97
2001396,PR-41672,10120001576,TGLA53,160/170
2001396,PR-41673,10120001577,BM1824,178/180
2001396,PR-41673,10120001577,BM2113,141
2001396,PR-41673,10120001577,ETH10,215/221
2001396,PR-41673,10120001577,ETH225,140/146
2001396,PR-41673,10120001577,ETH3,103
2001396,PR-41673,10120001577,INRA23,214
2001396,PR-41673,10120001577,SPS115,248/256
2001396,PR-41673,10120001577,TGLA122,143/151
2001396,PR-41673,10120001577,TGLA126,117/123
2001396,PR-41673,10120001577,TGLA227,77/83
2001396,PR-41673,10120001577,TGLA53,170/172
2001396,PR-41674,10120001578,BM1824,180/182
2001396,PR-41674,10120001578,BM2113,139
2001396,PR-41674,10120001578,ETH10,211/219
2001396,PR-41674,10120001578,ETH225,144/148
2001396,PR-41674,10120001578,ETH3,117
2001396,PR-41674,10120001578,INRA23,214
2001396,PR-41674,10120001578,SPS115,254/260
2001396,PR-41674,10120001578,TGLA122,137/151
2001396,PR-41674,10120001578,TGLA126,115/117
2001396,PR-41674,10120001578,TGLA227,83/89
2001396,PR-41674,10120001578,TGLA53,160/168
2001396,PR-41675,10120001600,BM1824,180/188
2001396,PR-41675,10120001600,BM2113,139/141
2001396,PR-41675,10120001600,ETH10,217/219
2001396,PR-41675,10120001600,ETH225,140/150
2001396,PR-41675,10120001600,ETH3,115/117
2001396,PR-41675,10120001600,INRA23,208
2001396,PR-41675,10120001600,SPS115,248/254
2001396,PR-41675,10120001600,TGLA122,143/145
2001396,PR-41675,10120001600,TGLA126,113/117
2001396,PR-41675,10120001600,TGLA227,83
2001396,PR-41675,10120001600,TGLA53,160/170
2001396,PR-41676,10120001534,BM1824,180/188
2001396,PR-41676,10120001534,BM2113,139/141
2001396,PR-41676,10120001534,ETH10,217
2001396,PR-41676,10120001534,ETH225,144/158
2001396,PR-41676,10120001534,ETH3,115/117
2001396,PR-41676,10120001534,INRA23,208/214
2001396,PR-41676,10120001534,SPS115,248/254
2001396,PR-41676,10120001534,TGLA122,145
2001396,PR-41676,10120001534,TGLA126,117/125
2001396,PR-41676,10120001534,TGLA227,83
2001396,PR-41676,10120001534,TGLA53,160/170
2001396,PR-41678,10120001532,BM1824,188
2001396,PR-41678,10120001532,BM2113,127/139
2001396,PR-41678,10120001532,ETH10,221
2001396,PR-41678,10120001532,ETH225,140/146
2001396,PR-41678,10120001532,ETH3,103/117
2001396,PR-41678,10120001532,INRA23,208/214
2001396,PR-41678,10120001532,SPS115,248/260
2001396,PR-41678,10120001532,TGLA122,151
2001396,PR-41678,10120001532,TGLA126,115/123
2001396,PR-41678,10120001532,TGLA227,77/91
2001396,PR-41678,10120001532,TGLA53,162/168
2001396,PR-41679,10120001531,BM1824,180/188
2001396,PR-41679,10120001531,BM2113,127/135
2001396,PR-41679,10120001531,ETH10,215/219
2001396,PR-41679,10120001531,ETH225,146/158
2001396,PR-41679,10120001531,ETH3,103/115
2001396,PR-41679,10120001531,INRA23,214
2001396,PR-41679,10120001531,SPS115,246/248
2001396,PR-41679,10120001531,TGLA122,143/151
2001396,PR-41679,10120001531,TGLA126,125
2001396,PR-41679,10120001531,TGLA227,79/83
2001396,PR-41680,10120001592,BM1824,180
2001396,PR-41680,10120001592,BM2113,135/141
2001396,PR-41680,10120001592,ETH10,211/221
2001396,PR-41680,10120001592,ETH225,140/150
2001396,PR-41680,10120001592,ETH3,103/125
2001396,PR-41680,10120001592,INRA23,208/214
2001396,PR-41680,10120001592,SPS115,248/250
2001396,PR-41680,10120001592,TGLA122,143/151
2001396,PR-41680,10120001592,TGLA126,115/125
2001396,PR-41680,10120001592,TGLA227,77
2001396,PR-41680,10120001592,TGLA53,160/162
2001396,PR-41681,10120001591,BM1824,180
2001396,PR-41681,10120001591,BM2113,127/135
2001396,PR-41681,10120001591,ETH10,217/219
2001396,PR-41681,10120001591,ETH225,148/150
2001396,PR-41681,10120001591,ETH3,117
2001396,PR-41681,10120001591,INRA23,206/208
2001396,PR-41681,10120001591,SPS115,248/254
2001396,PR-41681,10120001591,TGLA122,143/145
2001396,PR-41681,10120001591,TGLA126,117
2001396,PR-41681,10120001591,TGLA227,91
2001396,PR-41681,10120001591,TGLA53,168/170
2001396,PR-41682,10120001590,BM1824,180/182
2001396,PR-41682,10120001590,BM2113,131/137
2001396,PR-41682,10120001590,ETH10,211/221
2001396,PR-41682,10120001590,ETH225,144/150
2001396,PR-41682,10120001590,ETH3,115/125
2001396,PR-41682,10120001590,INRA23,206/214
2001396,PR-41682,10120001590,SPS115,248
2001396,PR-41682,10120001590,TGLA122,143/145
2001396,PR-41682,10120001590,TGLA126,115/117
2001396,PR-41682,10120001590,TGLA227,95/97
2001396,PR-41683,10120001582,BM1824,180/182
2001396,PR-41683,10120001582,BM2113,131/141
2001396,PR-41683,10120001582,ETH10,211/217
2001396,PR-41683,10120001582,ETH225,144
2001396,PR-41683,10120001582,ETH3,115/117
2001396,PR-41683,10120001582,INRA23,208/214
2001396,PR-41683,10120001582,SPS115,248/254
2001396,PR-41683,10120001582,TGLA122,143/145
2001396,PR-41683,10120001582,TGLA126,115
2001396,PR-41683,10120001582,TGLA227,77/87
2001396,PR-41686,10120001589,BM1824,188
2001396,PR-41686,10120001589,BM2113,137/141
2001396,PR-41686,10120001589,ETH10,215/221
2001396,PR-41686,10120001589,ETH225,148/158
2001396,PR-41686,10120001589,ETH3,117/121
2001396,PR-41686,10120001589,INRA23,208/214
2001396,PR-41686,10120001589,SPS115,246/260
2001396,PR-41686,10120001589,TGLA122,143/153
2001396,PR-41686,10120001589,TGLA126,115
2001396,PR-41686,10120001589,TGLA227,77/91
2001396,PR-41686,10120001589,TGLA53,160/168
2001396,PR-41687,10120001588,BM1824,182/188
2001396,PR-41687,10120001588,BM2113,125/141
2001396,PR-41687,10120001588,ETH10,213/219
2001396,PR-41687,10120001588,ETH225,148
2001396,PR-41687,10120001588,ETH3,117/125
2001396,PR-41687,10120001588,INRA23,194/208
2001396,PR-41687,10120001588,SPS115,250/254
2001396,PR-41687,10120001588,TGLA122,141/151
2001396,PR-41687,10120001588,TGLA126,115/125
2001396,PR-41687,10120001588,TGLA227,77
2001396,PR-41687,10120001588,TGLA53,162/164
2001396,PR-41688,10120001581,BM1824,180/188
2001396,PR-41688,10120001581,BM2113,135/141
2001396,PR-41688,10120001581,ETH10,215/221
2001396,PR-41688,10120001581,ETH225,144/160
2001396,PR-41688,10120001581,ETH3,119/121
2001396,PR-41688,10120001581,INRA23,206/208
2001396,PR-41688,10120001581,SPS115,246/248
2001396,PR-41688,10120001581,TGLA122,141/157
2001396,PR-41688,10120001581,TGLA126,115
2001396,PR-41688,10120001581,TGLA227,77
2001396,PR-41688,10120001581,TGLA53,164/168
2001396,PR-41690,10120001598,BM1824,180/188
2001396,PR-41690,10120001598,BM2113,135/139
2001396,PR-41690,10120001598,ETH10,211/221
2001396,PR-41690,10120001598,ETH225,144/160
2001396,PR-41690,10120001598,ETH3,119/125
2001396,PR-41690,10120001598,INRA23,196/208
2001396,PR-41690,10120001598,SPS115,254
2001396,PR-41690,10120001598,TGLA122,141/157
2001396,PR-41690,10120001598,TGLA126,115/121
2001396,PR-41690,10120001598,TGLA227,77/91
2001396,PR-41690,10120001598,TGLA53,160/168
2001396,PR-41691,10120001596,BM1824,180
2001396,PR-41691,10120001596,BM2113,135/141
2001396,PR-41691,10120001596,ETH10,215/221
2001396,PR-41691,10120001596,ETH225,148/158
2001396,PR-41691,10120001596,ETH3,121/127
2001396,PR-41691,10120001596,INRA23,208/214
2001396,PR-41691,10120001596,SPS115,254
2001396,PR-41691,10120001596,TGLA122,141/157
2001396,PR-41691,10120001596,TGLA126,115/123
2001396,PR-41691,10120001596,TGLA227,77/97
2001396,PR-41692,10120000666,BM1824,180/182
2001396,PR-41692,10120000666,BM2113,139/141
2001396,PR-41692,10120000666,ETH10,219/221
2001396,PR-41692,10120000666,ETH225,140/150
2001396,PR-41692,10120000666,ETH3,103
2001396,PR-41692,10120000666,INRA23,198/206
2001396,PR-41692,10120000666,SPS115,246/254
2001396,PR-41692,10120000666,TGLA122,151/153
2001396,PR-41692,10120000666,TGLA126,115/121
2001396,PR-41692,10120000666,TGLA227,79/83
2001396,PR-41692,10120000666,TGLA53,158/160
2001396,PR-41693,10120000613,BM1824,180/182
2001396,PR-41693,10120000613,BM2113,127/137
2001396,PR-41693,10120000613,ETH10,209/221
2001396,PR-41693,10120000613,ETH225,148/150
2001396,PR-41693,10120000613,ETH3,117/129
2001396,PR-41693,10120000613,INRA23,208/214
2001396,PR-41693,10120000613,SPS115,248
2001396,PR-41693,10120000613,TGLA122,143/151
2001396,PR-41693,10120000613,TGLA126,119/123
2001396,PR-41693,10120000613,TGLA227,81/83
2001396,PR-41693,10120000613,TGLA53,168/170
2001396,PR-41694,10120000663,BM1824,180/188
2001396,PR-41694,10120000663,BM2113,127/141
2001396,PR-41694,10120000663,ETH10,217/223
2001396,PR-41694,10120000663,ETH225,148/154
2001396,PR-41694,10120000663,ETH3,115/117
2001396,PR-41694,10120000663,INRA23,198/210
2001396,PR-41694,10120000663,SPS115,248/254
2001396,PR-41694,10120000663,TGLA122,143/167
2001396,PR-41694,10120000663,TGLA126,115/119
2001396,PR-41694,10120000663,TGLA227,77/91
2001396,PR-41694,10120000663,TGLA53,160/168
2001396,PR-41695,10120000611,BM1824,178/182
2001396,PR-41695,10120000611,BM2113,127/133
2001396,PR-41695,10120000611,ETH10,211/221
2001396,PR-41695,10120000611,ETH225,148/150
2001396,PR-41695,10120000611,ETH3,117/125
2001396,PR-41695,10120000611,INRA23,196/208
2001396,PR-41695,10120000611,SPS115,248
2001396,PR-41695,10120000611,TGLA122,143/151
2001396,PR-41695,10120000611,TGLA126,115/123
2001396,PR-41695,10120000611,TGLA227,83/89
2001396,PR-41695,10120000611,TGLA53,168/170
2001396,PR-41696,10120000634,BM1824,182
2001396,PR-41696,10120000634,BM2113,127
2001396,PR-41696,10120000634,ETH10,221/223
2001396,PR-41696,10120000634,ETH225,148/158
2001396,PR-41696,10120000634,ETH3,115/119
2001396,PR-41696,10120000634,INRA23,214
2001396,PR-41696,10120000634,SPS115,248
2001396,PR-41696,10120000634,TGLA122,143/153
2001396,PR-41696,10120000634,TGLA126,119/123
2001396,PR-41696,10120000634,TGLA227,81/89
2001396,PR-41696,10120000634,TGLA53,160/168
2001396,PR-41697,10120000619,BM1824,182/188
2001396,PR-41697,10120000619,BM2113,129/135
2001396,PR-41697,10120000619,ETH10,219/221
2001396,PR-41697,10120000619,ETH225,148
2001396,PR-41697,10120000619,ETH3,119/121
2001396,PR-41697,10120000619,INRA23,200/214
2001396,PR-41697,10120000619,SPS115,250/254
2001396,PR-41697,10120000619,TGLA122,141/151
2001396,PR-41697,10120000619,TGLA126,115
2001396,PR-41697,10120000619,TGLA227,77/81
2001396,PR-41698,10120000617,BM1824,180/188
2001396,PR-41698,10120000617,BM2113,135/141
2001396,PR-41698,10120000617,ETH10,221
2001396,PR-41698,10120000617,ETH225,140/158
2001396,PR-41698,10120000617,ETH3,117/119
2001396,PR-41698,10120000617,INRA23,196/198
2001396,PR-41698,10120000617,SPS115,248/250
2001396,PR-41698,10120000617,TGLA122,145/153
2001396,PR-41698,10120000617,TGLA126,115
2001396,PR-41698,10120000617,TGLA227,83/87
2001396,PR-41699,10120000633,BM1824,180/190
2001396,PR-41699,10120000633,BM2113,135/141
2001396,PR-41699,10120000633,ETH10,215/221
2001396,PR-41699,10120000633,ETH225,150/158
2001396,PR-41699,10120000633,ETH3,103/115
2001396,PR-41699,10120000633,INRA23,204/214
2001396,PR-41699,10120000633,SPS115,248/260
2001396,PR-41699,10120000633,TGLA122,151
2001396,PR-41699,10120000633,TGLA126,115/117
2001396,PR-41699,10120000633,TGLA227,77/91
2001396,PR-41699,10120000633,TGLA53,170/184
2001396,PR-41700,10120000621,BM1824,180/188
2001396,PR-41700,10120000621,BM2113,135/139
2001396,PR-41700,10120000621,ETH10,221
2001396,PR-41700,10120000621,ETH225,154/160
2001396,PR-41700,10120000621,ETH3,115/119
2001396,PR-41700,10120000621,INRA23,208/214
2001396,PR-41700,10120000621,SPS115,248
2001396,PR-41700,10120000621,TGLA122,145/153
2001396,PR-41700,10120000621,TGLA126,115/123
2001396,PR-41700,10120000621,TGLA227,87/91
2001396,PR-41700,10120000621,TGLA53,160/168
2001396,PR-41701,10120000620,BM1824,180/182
2001396,PR-41701,10120000620,BM2113,133/135
2001396,PR-41701,10120000620,ETH10,219/221
2001396,PR-41701,10120000620,ETH225,140/158
2001396,PR-41701,10120000620,ETH3,117
2001396,PR-41701,10120000620,INRA23,208/214
2001396,PR-41701,10120000620,SPS115,248
2001396,PR-41701,10120000620,TGLA122,143
2001396,PR-41701,10120000620,TGLA126,123
2001396,PR-41701,10120000620,TGLA227,81/91
2001396,PR-41701,10120000620,TGLA53,162/170
2001396,PR-41702,10120000625,BM1824,180/188
2001396,PR-41702,10120000625,BM2113,133/141
2001396,PR-41702,10120000625,ETH10,221
2001396,PR-41702,10120000625,ETH225,146/158
2001396,PR-41702,10120000625,ETH3,119/121
2001396,PR-41702,10120000625,INRA23,202/208
2001396,PR-41702,10120000625,SPS115,248/256
2001396,PR-41702,10120000625,TGLA122,151/153
2001396,PR-41702,10120000625,TGLA126,115/119
2001396,PR-41702,10120000625,TGLA227,83/87
2001396,PR-41703,10120000626,BM1824,180/182
2001396,PR-41703,10120000626,BM2113,133/135
2001396,PR-41703,10120000626,ETH10,217/221
2001396,PR-41703,10120000626,ETH225,140/148
2001396,PR-41703,10120000626,ETH3,117/119
2001396,PR-41703,10120000626,INRA23,202/214
2001396,PR-41703,10120000626,SPS115,246/248
2001396,PR-41703,10120000626,TGLA122,143/151
2001396,PR-41703,10120000626,TGLA126,119/123
2001396,PR-41703,10120000626,TGLA227,81/89
2001396,PR-41704,10120000627,BM1824,180/188
2001396,PR-41704,10120000627,BM2113,135/139
2001396,PR-41704,10120000627,ETH10,221/223
2001396,PR-41704,10120000627,ETH225,148/160
2001396,PR-41704,10120000627,ETH3,119/121
2001396,PR-41704,10120000627,INRA23,208/210
2001396,PR-41704,10120000627,SPS115,246/248
2001396,PR-41704,10120000627,TGLA122,151/153
2001396,PR-41704,10120000627,TGLA126,115/123
2001396,PR-41704,10120000627,TGLA227,87/89
2001396,PR-41704,10120000627,TGLA53,158/168
2001396,PR-41742,55653535,BM1824,180/188
2001396,PR-41742,55653535,BM2113,135
2001396,PR-41742,55653535,ETH10,217
2001396,PR-41742,55653535,ETH225,148/150
2001396,PR-41742,55653535,ETH3,115/117
2001396,PR-41742,55653535,INRA23,200/214
2001396,PR-41742,55653535,SPS115,252
2001396,PR-41742,55653535,TGLA122,143
2001396,PR-41742,55653535,TGLA126,115/125
2001396,PR-41742,55653535,TGLA227,81/91
2001396,PR-41742,55653535,TGLA53,170/182
2001396,PR-41887,82918001327,BM1824,182
2001396,PR-41887,82918001327,BM2113,135
2001396,PR-41887,82918001327,ETH10,217
2001396,PR-41887,82918001327,ETH225,148/150
2001396,PR-41887,82918001327,ETH3,117
2001396,PR-41887,82918001327,INRA23,206/208
2001396,PR-41887,82918001327,SPS115,248/260
2001396,PR-41887,82918001327,TGLA122,151
2001396,PR-41887,82918001327,TGLA126,121/125
2001396,PR-41887,82918001327,TGLA227,77
2001396,PR-41887,82918001327,TGLA53,154/168
2001396,PR-41888,82918001326,BM1824,180/182
2001396,PR-41888,82918001326,BM2113,141
2001396,PR-41888,82918001326,ETH10,217/219
2001396,PR-41888,82918001326,ETH225,146/158
2001396,PR-41888,82918001326,ETH3,103/119
2001396,PR-41888,82918001326,INRA23,196/206
2001396,PR-41888,82918001326,SPS115,248/254
2001396,PR-41888,82918001326,TGLA122,151
2001396,PR-41888,82918001326,TGLA126,117/125
2001396,PR-41888,82918001326,TGLA227,77
2001396,PR-41888,82918001326,TGLA53,160/170
2001396,PR-41889,82918001325,BM1824,182/188
2001396,PR-41889,82918001325,BM2113,135/141
2001396,PR-41889,82918001325,ETH10,217/219
2001396,PR-41889,82918001325,ETH225,140/150
2001396,PR-41889,82918001325,ETH3,117/119
2001396,PR-41889,82918001325,INRA23,208
2001396,PR-41889,82918001325,SPS115,248
2001396,PR-41889,82918001325,TGLA122,143/151
2001396,PR-41889,82918001325,TGLA126,115/125
2001396,PR-41889,82918001325,TGLA227,77/89
2001396,PR-41889,82918001325,TGLA53,154/166
